# code,picture,thumbnail,detail,others,normal,thumbnails,galleryimages
MP000000000077347,437Wx649H/MP000000000077347_1,97Wx144H/MP000000000077347_1,"1348Wx2000H/MP000000000077347_1,1348Wx2000H/MP000000000077347_1","437Wx649H/MP000000000077347_1,97Wx144H/MP000000000077347_1,1348Wx2000H/MP000000000077347_1,252Wx374H/MP000000000077347_1,113Wx168H/MP000000000077347_1,437Wx649H/MP000000000077347_1,97Wx144H/MP000000000077347_1,1348Wx2000H/MP000000000077347_1,252Wx374H/MP000000000077347_1,113Wx168H/MP000000000077347_1","437Wx649H/MP000000000077347_1,437Wx649H/MP000000000077347_1","97Wx144H/MP000000000077347_1,97Wx144H/MP000000000077347_4,97Wx144H/MP000000000077347_3,97Wx144H/MP000000000077347_2,97Wx144H/MP000000000077347_1,97Wx144H/MP000000000077347_4,97Wx144H/MP000000000077347_3,97Wx144H/MP000000000077347_2","MP000000000077347_3,MP000000000077347_4,MP000000000077347_2,MP000000000077347_1,MP000000000077347_3,MP000000000077347_4,MP000000000077347_2,MP000000000077347_1"
MP000000000077621,437Wx649H/MP000000000077621_1,97Wx144H/MP000000000077621_1,"1348Wx2000H/MP000000000077621_1,1348Wx2000H/MP000000000077621_1","437Wx649H/MP000000000077621_1,97Wx144H/MP000000000077621_1,1348Wx2000H/MP000000000077621_1,252Wx374H/MP000000000077621_1,113Wx168H/MP000000000077621_1,437Wx649H/MP000000000077621_1,97Wx144H/MP000000000077621_1,1348Wx2000H/MP000000000077621_1,252Wx374H/MP000000000077621_1,113Wx168H/MP000000000077621_1","437Wx649H/MP000000000077621_1,437Wx649H/MP000000000077621_1","97Wx144H/MP000000000077621_1,97Wx144H/MP000000000077621_4,97Wx144H/MP000000000077621_3,97Wx144H/MP000000000077621_2,97Wx144H/MP000000000077621_1,97Wx144H/MP000000000077621_4,97Wx144H/MP000000000077621_3,97Wx144H/MP000000000077621_2","MP000000000077621_3,MP000000000077621_4,MP000000000077621_2,MP000000000077621_1,MP000000000077621_3,MP000000000077621_4,MP000000000077621_2,MP000000000077621_1"
MP000000000092834,658Wx734H/MP000000000092834_1,58Wx65H/MP000000000092834_1,1316Wx1468H/MP000000000092834_1,"658Wx734H/MP000000000092834_1,58Wx65H/MP000000000092834_1,1316Wx1468H/MP000000000092834_1,432Wx482H/MP000000000092834_1,97Wx108H/MP000000000092834_1,320Wx357H/MP000000000092834_1",658Wx734H/MP000000000092834_1,58Wx65H/MP000000000092834_1,"MP000000000092834_1_Video,MP000000000092834_1"
MP000000000092900,658Wx734H/MP000000000092900_1,58Wx65H/MP000000000092900_1,1316Wx1468H/MP000000000092900_1,"658Wx734H/MP000000000092900_1,58Wx65H/MP000000000092900_1,1316Wx1468H/MP000000000092900_1,432Wx482H/MP000000000092900_1,97Wx108H/MP000000000092900_1,320Wx357H/MP000000000092900_1",658Wx734H/MP000000000092900_1,58Wx65H/MP000000000092900_1,MP000000000092900_1
MP000000000092911,658Wx734H/MP000000000092911_1,58Wx65H/MP000000000092911_1,1316Wx1468H/MP000000000092911_1,"658Wx734H/MP000000000092911_1,58Wx65H/MP000000000092911_1,1316Wx1468H/MP000000000092911_1,432Wx482H/MP000000000092911_1,97Wx108H/MP000000000092911_1,320Wx357H/MP000000000092911_1",658Wx734H/MP000000000092911_1,58Wx65H/MP000000000092911_1,MP000000000092911_1
MP000000000101827,658Wx734H/MP000000000101827_1,58Wx65H/MP000000000101827_1,1316Wx1468H/MP000000000101827_1,"658Wx734H/MP000000000101827_1,58Wx65H/MP000000000101827_1,1316Wx1468H/MP000000000101827_1,97Wx108H/MP000000000101827_1,320Wx357H/MP000000000101827_1",658Wx734H/MP000000000101827_1,"58Wx65H/MP000000000101827_1,58Wx65H/MP000000000101827_4,58Wx65H/MP000000000101827_3,58Wx65H/MP000000000101827_2","MP000000000101827_3,MP000000000101827_4,MP000000000101827_2,MP000000000101827_1"
MP000000000128167,437Wx649H/MP000000000128167_1,97Wx144H/MP000000000128167_1,"1348Wx2000H/MP000000000128167_1,1348Wx2000H/MP000000000128167_1","437Wx649H/MP000000000128167_1,97Wx144H/MP000000000128167_1,1348Wx2000H/MP000000000128167_1,252Wx374H/MP000000000128167_1,113Wx168H/MP000000000128167_1,437Wx649H/MP000000000128167_1,97Wx144H/MP000000000128167_1,1348Wx2000H/MP000000000128167_1,252Wx374H/MP000000000128167_1,113Wx168H/MP000000000128167_1","437Wx649H/MP000000000128167_1,437Wx649H/MP000000000128167_1","97Wx144H/MP000000000128167_1,97Wx144H/MP000000000128167_1","MP000000000128167_1,MP000000000128167_1"
MP000000000128234,658Wx734H/MP000000000128234_1,58Wx65H/MP000000000128234_1,1316Wx1468H/MP000000000128234_1,"658Wx734H/MP000000000128234_1,58Wx65H/MP000000000128234_1,1316Wx1468H/MP000000000128234_1,432Wx482H/MP000000000128234_1,97Wx108H/MP000000000128234_1,320Wx357H/MP000000000128234_1",658Wx734H/MP000000000128234_1,"58Wx65H/MP000000000128234_1,58Wx65H/MP000000000128234_4,58Wx65H/MP000000000128234_3,58Wx65H/MP000000000128234_2","MP000000000128234_3,MP000000000128234_4,MP000000000128234_2,MP000000000128234_1"
MP000000000128236,658Wx734H/MP000000000128236_1,58Wx65H/MP000000000128236_1,1316Wx1468H/MP000000000128236_1,"658Wx734H/MP000000000128236_1,58Wx65H/MP000000000128236_1,1316Wx1468H/MP000000000128236_1,97Wx108H/MP000000000128236_1,320Wx357H/MP000000000128236_1",658Wx734H/MP000000000128236_1,"58Wx65H/MP000000000128236_1,58Wx65H/MP000000000128236_4,58Wx65H/MP000000000128236_3,58Wx65H/MP000000000128236_2","MP000000000128236_3,MP000000000128236_4,MP000000000128236_2,MP000000000128236_1"
MP000000000128238,658Wx734H/MP000000000128238_1,58Wx65H/MP000000000128238_1,1316Wx1468H/MP000000000128238_1,"658Wx734H/MP000000000128238_1,58Wx65H/MP000000000128238_1,1316Wx1468H/MP000000000128238_1,97Wx108H/MP000000000128238_1,320Wx357H/MP000000000128238_1",658Wx734H/MP000000000128238_1,"58Wx65H/MP000000000128238_1,58Wx65H/MP000000000128238_4,58Wx65H/MP000000000128238_3,58Wx65H/MP000000000128238_2","MP000000000128238_3,MP000000000128238_4,MP000000000128238_2,MP000000000128238_1"
MP000000000128241,658Wx734H/MP000000000128241_1,58Wx65H/MP000000000128241_1,1316Wx1468H/MP000000000128241_1,"658Wx734H/MP000000000128241_1,58Wx65H/MP000000000128241_1,1316Wx1468H/MP000000000128241_1,97Wx108H/MP000000000128241_1,320Wx357H/MP000000000128241_1",658Wx734H/MP000000000128241_1,"58Wx65H/MP000000000128241_1,58Wx65H/MP000000000128241_4,58Wx65H/MP000000000128241_3,58Wx65H/MP000000000128241_2","MP000000000128241_3,MP000000000128241_4,MP000000000128241_2,MP000000000128241_1"
