MP000000000243635_2,"252Wx374H/MP000000000243635_2,1348Wx2000H/MP000000000243635_2,437Wx649H/MP000000000243635_2,113Wx168H/MP000000000243635_2,97Wx144H/MP000000000243635_2"
MP000000000243635_1,"1348Wx2000H/MP000000000243635_1,437Wx649H/MP000000000243635_1,252Wx374H/MP000000000243635_1,113Wx168H/MP000000000243635_1,97Wx144H/MP000000000243635_1"
MP000000000243635_3,"113Wx168H/MP000000000243635_3,1348Wx2000H/MP000000000243635_3,437Wx649H/MP000000000243635_3,252Wx374H/MP000000000243635_3,97Wx144H/MP000000000243635_3"
MP000000000060053_2,"113Wx168H/MP000000000060053_2,437Wx649H/MP000000000060053_2,252Wx374H/MP000000000060053_2,1348Wx2000H/MP000000000060053_2,97Wx144H/MP000000000060053_2"
MP000000000060053_1,"437Wx649H/MP000000000060053_1,1348Wx2000H/MP000000000060053_1,97Wx144H/MP000000000060053_1,252Wx374H/MP000000000060053_1,113Wx168H/MP000000000060053_1"
MP000000000100344_2,"1348Wx2000H/MP000000000100344_2,252Wx374H/MP000000000100344_2,437Wx649H/MP000000000100344_2,97Wx144H/MP000000000100344_2,113Wx168H/MP000000000100344_2"
MP000000000100344_3,"1348Wx2000H/MP000000000100344_3,437Wx649H/MP000000000100344_3,252Wx374H/MP000000000100344_3,113Wx168H/MP000000000100344_3,97Wx144H/MP000000000100344_3"
MP000000000100344_1,"1348Wx2000H/MP000000000100344_1,437Wx649H/MP000000000100344_1,252Wx374H/MP000000000100344_1,97Wx144H/MP000000000100344_1,113Wx168H/MP000000000100344_1"
MP000000000243635_2,"252Wx374H/MP000000000243635_2,1348Wx2000H/MP000000000243635_2,437Wx649H/MP000000000243635_2,113Wx168H/MP000000000243635_2,97Wx144H/MP000000000243635_2"
MP000000000243635_1,"1348Wx2000H/MP000000000243635_1,437Wx649H/MP000000000243635_1,252Wx374H/MP000000000243635_1,113Wx168H/MP000000000243635_1,97Wx144H/MP000000000243635_1"
MP000000000243635_3,"113Wx168H/MP000000000243635_3,1348Wx2000H/MP000000000243635_3,437Wx649H/MP000000000243635_3,252Wx374H/MP000000000243635_3,97Wx144H/MP000000000243635_3"
MP000000000000938_1,"97Wx144H/MP000000000000938_1,1348Wx2000H/MP000000000000938_1,113Wx168H/MP000000000000938_1,252Wx374H/MP000000000000938_1,437Wx649H/MP000000000000938_1"
MP000000000000938_2,"1348Wx2000H/MP000000000000938_2,113Wx168H/MP000000000000938_2,437Wx649H/MP000000000000938_2,252Wx374H/MP000000000000938_2,97Wx144H/MP000000000000938_2"
MP000000000000938_3,"1348Wx2000H/MP000000000000938_3,437Wx649H/MP000000000000938_3,252Wx374H/MP000000000000938_3,97Wx144H/MP000000000000938_3,113Wx168H/MP000000000000938_3"
MP000000000000938_4,"113Wx168H/MP000000000000938_4,437Wx649H/MP000000000000938_4,1348Wx2000H/MP000000000000938_4,97Wx144H/MP000000000000938_4,252Wx374H/MP000000000000938_4"
MP000000000190336_3,"252Wx374H/MP000000000190336_3,437Wx649H/MP000000000190336_3,97Wx144H/MP000000000190336_3,113Wx168H/MP000000000190336_3,1348Wx2000H/MP000000000190336_3"
MP000000000190336_4,"437Wx649H/MP000000000190336_4,113Wx168H/MP000000000190336_4,252Wx374H/MP000000000190336_4,97Wx144H/MP000000000190336_4,1348Wx2000H/MP000000000190336_4"
MP000000000190336_1,"1348Wx2000H/MP000000000190336_1,437Wx649H/MP000000000190336_1,97Wx144H/MP000000000190336_1,252Wx374H/MP000000000190336_1,113Wx168H/MP000000000190336_1"
MP000000000190336_2,"437Wx649H/MP000000000190336_2,252Wx374H/MP000000000190336_2,113Wx168H/MP000000000190336_2,97Wx144H/MP000000000190336_2,1348Wx2000H/MP000000000190336_2"
MP000000000198270_1,"1348Wx2000H/MP000000000198270_1,97Wx144H/MP000000000198270_1,113Wx168H/MP000000000198270_1,437Wx649H/MP000000000198270_1,252Wx374H/MP000000000198270_1"
MP000000000198270_2,"1348Wx2000H/MP000000000198270_2,437Wx649H/MP000000000198270_2,252Wx374H/MP000000000198270_2,113Wx168H/MP000000000198270_2,97Wx144H/MP000000000198270_2"
MP000000000198270_3,"252Wx374H/MP000000000198270_3,113Wx168H/MP000000000198270_3,1348Wx2000H/MP000000000198270_3,437Wx649H/MP000000000198270_3,97Wx144H/MP000000000198270_3"
MP000000000373567_2,"252Wx374H/MP000000000373567_2,113Wx168H/MP000000000373567_2,1348Wx2000H/MP000000000373567_2,437Wx649H/MP000000000373567_2,97Wx144H/MP000000000373567_2"
MP000000000373567_1,"1348Wx2000H/MP000000000373567_1,252Wx374H/MP000000000373567_1,437Wx649H/MP000000000373567_1,97Wx144H/MP000000000373567_1,113Wx168H/MP000000000373567_1"
MP000000000000938_1,"97Wx144H/MP000000000000938_1,1348Wx2000H/MP000000000000938_1,113Wx168H/MP000000000000938_1,252Wx374H/MP000000000000938_1,437Wx649H/MP000000000000938_1"
MP000000000000938_2,"1348Wx2000H/MP000000000000938_2,113Wx168H/MP000000000000938_2,437Wx649H/MP000000000000938_2,252Wx374H/MP000000000000938_2,97Wx144H/MP000000000000938_2"
MP000000000000938_3,"1348Wx2000H/MP000000000000938_3,437Wx649H/MP000000000000938_3,252Wx374H/MP000000000000938_3,97Wx144H/MP000000000000938_3,113Wx168H/MP000000000000938_3"
MP000000000000938_4,"113Wx168H/MP000000000000938_4,437Wx649H/MP000000000000938_4,1348Wx2000H/MP000000000000938_4,97Wx144H/MP000000000000938_4,252Wx374H/MP000000000000938_4"
MP000000000060053_2,"113Wx168H/MP000000000060053_2,437Wx649H/MP000000000060053_2,252Wx374H/MP000000000060053_2,1348Wx2000H/MP000000000060053_2,97Wx144H/MP000000000060053_2"
MP000000000060053_1,"437Wx649H/MP000000000060053_1,1348Wx2000H/MP000000000060053_1,97Wx144H/MP000000000060053_1,252Wx374H/MP000000000060053_1,113Wx168H/MP000000000060053_1"
MP000000000073785_3,"437Wx649H/MP000000000073785_3,252Wx374H/MP000000000073785_3,97Wx144H/MP000000000073785_3,113Wx168H/MP000000000073785_3,1348Wx2000H/MP000000000073785_3"
MP000000000073785_1,"1348Wx2000H/MP000000000073785_1,437Wx649H/MP000000000073785_1,252Wx374H/MP000000000073785_1,113Wx168H/MP000000000073785_1,97Wx144H/MP000000000073785_1"
MP000000000073785_4,"252Wx374H/MP000000000073785_4,1348Wx2000H/MP000000000073785_4,97Wx144H/MP000000000073785_4,437Wx649H/MP000000000073785_4,113Wx168H/MP000000000073785_4"
MP000000000073785_2,"97Wx144H/MP000000000073785_2,252Wx374H/MP000000000073785_2,113Wx168H/MP000000000073785_2,1348Wx2000H/MP000000000073785_2,437Wx649H/MP000000000073785_2"
MP000000000100344_2,"1348Wx2000H/MP000000000100344_2,252Wx374H/MP000000000100344_2,437Wx649H/MP000000000100344_2,97Wx144H/MP000000000100344_2,113Wx168H/MP000000000100344_2"
MP000000000100344_3,"1348Wx2000H/MP000000000100344_3,437Wx649H/MP000000000100344_3,252Wx374H/MP000000000100344_3,113Wx168H/MP000000000100344_3,97Wx144H/MP000000000100344_3"
MP000000000100344_1,"1348Wx2000H/MP000000000100344_1,437Wx649H/MP000000000100344_1,252Wx374H/MP000000000100344_1,97Wx144H/MP000000000100344_1,113Wx168H/MP000000000100344_1"
MP000000000190336_3,"252Wx374H/MP000000000190336_3,437Wx649H/MP000000000190336_3,97Wx144H/MP000000000190336_3,113Wx168H/MP000000000190336_3,1348Wx2000H/MP000000000190336_3"
MP000000000190336_4,"437Wx649H/MP000000000190336_4,113Wx168H/MP000000000190336_4,252Wx374H/MP000000000190336_4,97Wx144H/MP000000000190336_4,1348Wx2000H/MP000000000190336_4"
MP000000000190336_1,"1348Wx2000H/MP000000000190336_1,437Wx649H/MP000000000190336_1,97Wx144H/MP000000000190336_1,252Wx374H/MP000000000190336_1,113Wx168H/MP000000000190336_1"
MP000000000190336_2,"437Wx649H/MP000000000190336_2,252Wx374H/MP000000000190336_2,113Wx168H/MP000000000190336_2,97Wx144H/MP000000000190336_2,1348Wx2000H/MP000000000190336_2"
MP000000000198270_1,"1348Wx2000H/MP000000000198270_1,97Wx144H/MP000000000198270_1,113Wx168H/MP000000000198270_1,437Wx649H/MP000000000198270_1,252Wx374H/MP000000000198270_1"
MP000000000198270_2,"1348Wx2000H/MP000000000198270_2,437Wx649H/MP000000000198270_2,252Wx374H/MP000000000198270_2,113Wx168H/MP000000000198270_2,97Wx144H/MP000000000198270_2"
MP000000000198270_3,"252Wx374H/MP000000000198270_3,113Wx168H/MP000000000198270_3,1348Wx2000H/MP000000000198270_3,437Wx649H/MP000000000198270_3,97Wx144H/MP000000000198270_3"
MP000000000243635_2,"252Wx374H/MP000000000243635_2,1348Wx2000H/MP000000000243635_2,437Wx649H/MP000000000243635_2,113Wx168H/MP000000000243635_2,97Wx144H/MP000000000243635_2"
MP000000000243635_1,"1348Wx2000H/MP000000000243635_1,437Wx649H/MP000000000243635_1,252Wx374H/MP000000000243635_1,113Wx168H/MP000000000243635_1,97Wx144H/MP000000000243635_1"
MP000000000243635_3,"113Wx168H/MP000000000243635_3,1348Wx2000H/MP000000000243635_3,437Wx649H/MP000000000243635_3,252Wx374H/MP000000000243635_3,97Wx144H/MP000000000243635_3"
MP000000000373567_2,"252Wx374H/MP000000000373567_2,113Wx168H/MP000000000373567_2,1348Wx2000H/MP000000000373567_2,437Wx649H/MP000000000373567_2,97Wx144H/MP000000000373567_2"
MP000000000373567_1,"1348Wx2000H/MP000000000373567_1,252Wx374H/MP000000000373567_1,437Wx649H/MP000000000373567_1,97Wx144H/MP000000000373567_1,113Wx168H/MP000000000373567_1"
MP000000000060053_2,"113Wx168H/MP000000000060053_2,437Wx649H/MP000000000060053_2,252Wx374H/MP000000000060053_2,1348Wx2000H/MP000000000060053_2,97Wx144H/MP000000000060053_2"
MP000000000060053_1,"437Wx649H/MP000000000060053_1,1348Wx2000H/MP000000000060053_1,97Wx144H/MP000000000060053_1,252Wx374H/MP000000000060053_1,113Wx168H/MP000000000060053_1"
MP000000000073785_3,"437Wx649H/MP000000000073785_3,252Wx374H/MP000000000073785_3,97Wx144H/MP000000000073785_3,113Wx168H/MP000000000073785_3,1348Wx2000H/MP000000000073785_3"
MP000000000073785_1,"1348Wx2000H/MP000000000073785_1,437Wx649H/MP000000000073785_1,252Wx374H/MP000000000073785_1,113Wx168H/MP000000000073785_1,97Wx144H/MP000000000073785_1"
MP000000000073785_4,"252Wx374H/MP000000000073785_4,1348Wx2000H/MP000000000073785_4,97Wx144H/MP000000000073785_4,437Wx649H/MP000000000073785_4,113Wx168H/MP000000000073785_4"
MP000000000073785_2,"97Wx144H/MP000000000073785_2,252Wx374H/MP000000000073785_2,113Wx168H/MP000000000073785_2,1348Wx2000H/MP000000000073785_2,437Wx649H/MP000000000073785_2"
MP000000000073785_3,"437Wx649H/MP000000000073785_3,252Wx374H/MP000000000073785_3,97Wx144H/MP000000000073785_3,113Wx168H/MP000000000073785_3,1348Wx2000H/MP000000000073785_3"
MP000000000073785_1,"1348Wx2000H/MP000000000073785_1,437Wx649H/MP000000000073785_1,252Wx374H/MP000000000073785_1,113Wx168H/MP000000000073785_1,97Wx144H/MP000000000073785_1"
MP000000000073785_4,"252Wx374H/MP000000000073785_4,1348Wx2000H/MP000000000073785_4,97Wx144H/MP000000000073785_4,437Wx649H/MP000000000073785_4,113Wx168H/MP000000000073785_4"
MP000000000073785_2,"97Wx144H/MP000000000073785_2,252Wx374H/MP000000000073785_2,113Wx168H/MP000000000073785_2,1348Wx2000H/MP000000000073785_2,437Wx649H/MP000000000073785_2"
MP000000000073785_3,"437Wx649H/MP000000000073785_3,252Wx374H/MP000000000073785_3,97Wx144H/MP000000000073785_3,113Wx168H/MP000000000073785_3,1348Wx2000H/MP000000000073785_3"
MP000000000073785_1,"1348Wx2000H/MP000000000073785_1,437Wx649H/MP000000000073785_1,252Wx374H/MP000000000073785_1,113Wx168H/MP000000000073785_1,97Wx144H/MP000000000073785_1"
MP000000000073785_4,"252Wx374H/MP000000000073785_4,1348Wx2000H/MP000000000073785_4,97Wx144H/MP000000000073785_4,437Wx649H/MP000000000073785_4,113Wx168H/MP000000000073785_4"
MP000000000073785_2,"97Wx144H/MP000000000073785_2,252Wx374H/MP000000000073785_2,113Wx168H/MP000000000073785_2,1348Wx2000H/MP000000000073785_2,437Wx649H/MP000000000073785_2"
MP000000000060053_2,"113Wx168H/MP000000000060053_2,437Wx649H/MP000000000060053_2,252Wx374H/MP000000000060053_2,1348Wx2000H/MP000000000060053_2,97Wx144H/MP000000000060053_2"
MP000000000060053_1,"437Wx649H/MP000000000060053_1,1348Wx2000H/MP000000000060053_1,97Wx144H/MP000000000060053_1,252Wx374H/MP000000000060053_1,113Wx168H/MP000000000060053_1"
MP000000000060053_2,"113Wx168H/MP000000000060053_2,437Wx649H/MP000000000060053_2,252Wx374H/MP000000000060053_2,1348Wx2000H/MP000000000060053_2,97Wx144H/MP000000000060053_2"
MP000000000060053_1,"437Wx649H/MP000000000060053_1,1348Wx2000H/MP000000000060053_1,97Wx144H/MP000000000060053_1,252Wx374H/MP000000000060053_1,113Wx168H/MP000000000060053_1"
MP000000000060053_2,"113Wx168H/MP000000000060053_2,437Wx649H/MP000000000060053_2,252Wx374H/MP000000000060053_2,1348Wx2000H/MP000000000060053_2,97Wx144H/MP000000000060053_2"
MP000000000060053_1,"437Wx649H/MP000000000060053_1,1348Wx2000H/MP000000000060053_1,97Wx144H/MP000000000060053_1,252Wx374H/MP000000000060053_1,113Wx168H/MP000000000060053_1"
MP000000000073785_3,"437Wx649H/MP000000000073785_3,252Wx374H/MP000000000073785_3,97Wx144H/MP000000000073785_3,113Wx168H/MP000000000073785_3,1348Wx2000H/MP000000000073785_3"
MP000000000073785_1,"1348Wx2000H/MP000000000073785_1,437Wx649H/MP000000000073785_1,252Wx374H/MP000000000073785_1,113Wx168H/MP000000000073785_1,97Wx144H/MP000000000073785_1"
MP000000000073785_4,"252Wx374H/MP000000000073785_4,1348Wx2000H/MP000000000073785_4,97Wx144H/MP000000000073785_4,437Wx649H/MP000000000073785_4,113Wx168H/MP000000000073785_4"
MP000000000073785_2,"97Wx144H/MP000000000073785_2,252Wx374H/MP000000000073785_2,113Wx168H/MP000000000073785_2,1348Wx2000H/MP000000000073785_2,437Wx649H/MP000000000073785_2"
MP000000000060053_1,"437Wx649H/MP000000000060053_1,97Wx144H/MP000000000060053_1,1348Wx2000H/MP000000000060053_1,252Wx374H/MP000000000060053_1,113Wx168H/MP000000000060053_1"
MP000000000060053_2,"1348Wx2000H/MP000000000060053_2,437Wx649H/MP000000000060053_2,252Wx374H/MP000000000060053_2,97Wx144H/MP000000000060053_2,113Wx168H/MP000000000060053_2"
MP000000000000938_1,"97Wx144H/MP000000000000938_1,1348Wx2000H/MP000000000000938_1,113Wx168H/MP000000000000938_1,437Wx649H/MP000000000000938_1,252Wx374H/MP000000000000938_1"
MP000000000000938_2,"1348Wx2000H/MP000000000000938_2,113Wx168H/MP000000000000938_2,437Wx649H/MP000000000000938_2,252Wx374H/MP000000000000938_2,97Wx144H/MP000000000000938_2"
MP000000000000938_4,"113Wx168H/MP000000000000938_4,437Wx649H/MP000000000000938_4,1348Wx2000H/MP000000000000938_4,97Wx144H/MP000000000000938_4,252Wx374H/MP000000000000938_4"
MP000000000000938_3,"1348Wx2000H/MP000000000000938_3,437Wx649H/MP000000000000938_3,252Wx374H/MP000000000000938_3,97Wx144H/MP000000000000938_3,113Wx168H/MP000000000000938_3"
MP000000000060053_1,"437Wx649H/MP000000000060053_1,97Wx144H/MP000000000060053_1,1348Wx2000H/MP000000000060053_1,252Wx374H/MP000000000060053_1,113Wx168H/MP000000000060053_1"
MP000000000060053_2,"1348Wx2000H/MP000000000060053_2,437Wx649H/MP000000000060053_2,252Wx374H/MP000000000060053_2,97Wx144H/MP000000000060053_2,113Wx168H/MP000000000060053_2"
MP000000000073785_3,"437Wx649H/MP000000000073785_3,252Wx374H/MP000000000073785_3,97Wx144H/MP000000000073785_3,113Wx168H/MP000000000073785_3,1348Wx2000H/MP000000000073785_3"
MP000000000073785_1,"1348Wx2000H/MP000000000073785_1,437Wx649H/MP000000000073785_1,252Wx374H/MP000000000073785_1,97Wx144H/MP000000000073785_1,113Wx168H/MP000000000073785_1"
MP000000000073785_4,"252Wx374H/MP000000000073785_4,1348Wx2000H/MP000000000073785_4,437Wx649H/MP000000000073785_4,97Wx144H/MP000000000073785_4,113Wx168H/MP000000000073785_4"
MP000000000073785_2,"97Wx144H/MP000000000073785_2,252Wx374H/MP000000000073785_2,113Wx168H/MP000000000073785_2,1348Wx2000H/MP000000000073785_2,437Wx649H/MP000000000073785_2"
MP000000000100344_2,"1348Wx2000H/MP000000000100344_2,437Wx649H/MP000000000100344_2,252Wx374H/MP000000000100344_2,97Wx144H/MP000000000100344_2,113Wx168H/MP000000000100344_2"
MP000000000100344_1,"1348Wx2000H/MP000000000100344_1,437Wx649H/MP000000000100344_1,252Wx374H/MP000000000100344_1,97Wx144H/MP000000000100344_1,113Wx168H/MP000000000100344_1"
MP000000000100344_3,"1348Wx2000H/MP000000000100344_3,437Wx649H/MP000000000100344_3,252Wx374H/MP000000000100344_3,97Wx144H/MP000000000100344_3,113Wx168H/MP000000000100344_3"
MP000000000073785_3,"437Wx649H/MP000000000073785_3,252Wx374H/MP000000000073785_3,97Wx144H/MP000000000073785_3,113Wx168H/MP000000000073785_3,1348Wx2000H/MP000000000073785_3"
MP000000000073785_1,"1348Wx2000H/MP000000000073785_1,437Wx649H/MP000000000073785_1,252Wx374H/MP000000000073785_1,97Wx144H/MP000000000073785_1,113Wx168H/MP000000000073785_1"
MP000000000073785_4,"252Wx374H/MP000000000073785_4,1348Wx2000H/MP000000000073785_4,437Wx649H/MP000000000073785_4,97Wx144H/MP000000000073785_4,113Wx168H/MP000000000073785_4"
MP000000000073785_2,"97Wx144H/MP000000000073785_2,252Wx374H/MP000000000073785_2,113Wx168H/MP000000000073785_2,1348Wx2000H/MP000000000073785_2,437Wx649H/MP000000000073785_2"
MP000000000595963_1,"1348Wx2000H/MP000000000595963_1,437Wx649H/MP000000000595963_1,252Wx374H/MP000000000595963_1,97Wx144H/MP000000000595963_1,113Wx168H/MP000000000595963_1"
MP000000000595963_3,"1348Wx2000H/MP000000000595963_3,437Wx649H/MP000000000595963_3,252Wx374H/MP000000000595963_3,97Wx144H/MP000000000595963_3,113Wx168H/MP000000000595963_3"
MP000000000595963_2,"1348Wx2000H/MP000000000595963_2,437Wx649H/MP000000000595963_2,252Wx374H/MP000000000595963_2,97Wx144H/MP000000000595963_2,113Wx168H/MP000000000595963_2"
MP000000000060053_1,"437Wx649H/MP000000000060053_1,97Wx144H/MP000000000060053_1,1348Wx2000H/MP000000000060053_1,252Wx374H/MP000000000060053_1,113Wx168H/MP000000000060053_1"
MP000000000060053_2,"1348Wx2000H/MP000000000060053_2,437Wx649H/MP000000000060053_2,252Wx374H/MP000000000060053_2,97Wx144H/MP000000000060053_2,113Wx168H/MP000000000060053_2"
MP000000000073785_3,"437Wx649H/MP000000000073785_3,252Wx374H/MP000000000073785_3,97Wx144H/MP000000000073785_3,113Wx168H/MP000000000073785_3,1348Wx2000H/MP000000000073785_3"
MP000000000073785_1,"1348Wx2000H/MP000000000073785_1,437Wx649H/MP000000000073785_1,252Wx374H/MP000000000073785_1,97Wx144H/MP000000000073785_1,113Wx168H/MP000000000073785_1"
MP000000000073785_4,"252Wx374H/MP000000000073785_4,1348Wx2000H/MP000000000073785_4,437Wx649H/MP000000000073785_4,97Wx144H/MP000000000073785_4,113Wx168H/MP000000000073785_4"
MP000000000073785_2,"97Wx144H/MP000000000073785_2,252Wx374H/MP000000000073785_2,113Wx168H/MP000000000073785_2,1348Wx2000H/MP000000000073785_2,437Wx649H/MP000000000073785_2"
MP000000000000938_1,"97Wx144H/MP000000000000938_1,1348Wx2000H/MP000000000000938_1,113Wx168H/MP000000000000938_1,437Wx649H/MP000000000000938_1,252Wx374H/MP000000000000938_1"
MP000000000000938_2,"1348Wx2000H/MP000000000000938_2,113Wx168H/MP000000000000938_2,437Wx649H/MP000000000000938_2,252Wx374H/MP000000000000938_2,97Wx144H/MP000000000000938_2"
MP000000000000938_4,"113Wx168H/MP000000000000938_4,437Wx649H/MP000000000000938_4,1348Wx2000H/MP000000000000938_4,97Wx144H/MP000000000000938_4,252Wx374H/MP000000000000938_4"
MP000000000000938_3,"1348Wx2000H/MP000000000000938_3,437Wx649H/MP000000000000938_3,252Wx374H/MP000000000000938_3,97Wx144H/MP000000000000938_3,113Wx168H/MP000000000000938_3"
MP000000000060053_1,"437Wx649H/MP000000000060053_1,97Wx144H/MP000000000060053_1,1348Wx2000H/MP000000000060053_1,252Wx374H/MP000000000060053_1,113Wx168H/MP000000000060053_1"
MP000000000060053_2,"1348Wx2000H/MP000000000060053_2,437Wx649H/MP000000000060053_2,252Wx374H/MP000000000060053_2,97Wx144H/MP000000000060053_2,113Wx168H/MP000000000060053_2"
MP000000000595963_1,"1348Wx2000H/MP000000000595963_1,437Wx649H/MP000000000595963_1,252Wx374H/MP000000000595963_1,97Wx144H/MP000000000595963_1,113Wx168H/MP000000000595963_1"
MP000000000595963_3,"1348Wx2000H/MP000000000595963_3,437Wx649H/MP000000000595963_3,252Wx374H/MP000000000595963_3,97Wx144H/MP000000000595963_3,113Wx168H/MP000000000595963_3"
MP000000000595963_2,"1348Wx2000H/MP000000000595963_2,437Wx649H/MP000000000595963_2,252Wx374H/MP000000000595963_2,97Wx144H/MP000000000595963_2,113Wx168H/MP000000000595963_2"
MP000000000060053_1,"437Wx649H/MP000000000060053_1,97Wx144H/MP000000000060053_1,1348Wx2000H/MP000000000060053_1,252Wx374H/MP000000000060053_1,113Wx168H/MP000000000060053_1"
MP000000000060053_2,"1348Wx2000H/MP000000000060053_2,437Wx649H/MP000000000060053_2,252Wx374H/MP000000000060053_2,97Wx144H/MP000000000060053_2,113Wx168H/MP000000000060053_2"
MP000000000100344_2,"1348Wx2000H/MP000000000100344_2,437Wx649H/MP000000000100344_2,252Wx374H/MP000000000100344_2,97Wx144H/MP000000000100344_2,113Wx168H/MP000000000100344_2"
MP000000000100344_1,"1348Wx2000H/MP000000000100344_1,437Wx649H/MP000000000100344_1,252Wx374H/MP000000000100344_1,97Wx144H/MP000000000100344_1,113Wx168H/MP000000000100344_1"
MP000000000100344_3,"1348Wx2000H/MP000000000100344_3,437Wx649H/MP000000000100344_3,252Wx374H/MP000000000100344_3,97Wx144H/MP000000000100344_3,113Wx168H/MP000000000100344_3"
MP000000000243635_2,"1348Wx2000H/MP000000000243635_2,437Wx649H/MP000000000243635_2,252Wx374H/MP000000000243635_2,97Wx144H/MP000000000243635_2,113Wx168H/MP000000000243635_2"
MP000000000243635_1,"1348Wx2000H/MP000000000243635_1,437Wx649H/MP000000000243635_1,252Wx374H/MP000000000243635_1,97Wx144H/MP000000000243635_1,113Wx168H/MP000000000243635_1"
MP000000000243635_3,"113Wx168H/MP000000000243635_3,1348Wx2000H/MP000000000243635_3,437Wx649H/MP000000000243635_3,252Wx374H/MP000000000243635_3,97Wx144H/MP000000000243635_3"
MP000000000190336_3,"437Wx649H/MP000000000190336_3,252Wx374H/MP000000000190336_3,97Wx144H/MP000000000190336_3,113Wx168H/MP000000000190336_3,1348Wx2000H/MP000000000190336_3"
MP000000000190336_4,"437Wx649H/MP000000000190336_4,113Wx168H/MP000000000190336_4,252Wx374H/MP000000000190336_4,97Wx144H/MP000000000190336_4,1348Wx2000H/MP000000000190336_4"
MP000000000190336_1,"1348Wx2000H/MP000000000190336_1,437Wx649H/MP000000000190336_1,252Wx374H/MP000000000190336_1,97Wx144H/MP000000000190336_1,113Wx168H/MP000000000190336_1"
MP000000000190336_2,"437Wx649H/MP000000000190336_2,252Wx374H/MP000000000190336_2,97Wx144H/MP000000000190336_2,113Wx168H/MP000000000190336_2,1348Wx2000H/MP000000000190336_2"
MP000000000198270_1,"1348Wx2000H/MP000000000198270_1,97Wx144H/MP000000000198270_1,113Wx168H/MP000000000198270_1,437Wx649H/MP000000000198270_1,252Wx374H/MP000000000198270_1"
MP000000000198270_2,"1348Wx2000H/MP000000000198270_2,437Wx649H/MP000000000198270_2,252Wx374H/MP000000000198270_2,97Wx144H/MP000000000198270_2,113Wx168H/MP000000000198270_2"
MP000000000198270_3,"252Wx374H/MP000000000198270_3,1348Wx2000H/MP000000000198270_3,437Wx649H/MP000000000198270_3,97Wx144H/MP000000000198270_3,113Wx168H/MP000000000198270_3"
MP000000000060053_1,"437Wx649H/MP000000000060053_1,97Wx144H/MP000000000060053_1,1348Wx2000H/MP000000000060053_1,252Wx374H/MP000000000060053_1,113Wx168H/MP000000000060053_1"
MP000000000060053_2,"1348Wx2000H/MP000000000060053_2,437Wx649H/MP000000000060053_2,252Wx374H/MP000000000060053_2,97Wx144H/MP000000000060053_2,113Wx168H/MP000000000060053_2"
MP000000000000938_1,"97Wx144H/MP000000000000938_1,1348Wx2000H/MP000000000000938_1,113Wx168H/MP000000000000938_1,437Wx649H/MP000000000000938_1,252Wx374H/MP000000000000938_1"
MP000000000000938_2,"1348Wx2000H/MP000000000000938_2,113Wx168H/MP000000000000938_2,437Wx649H/MP000000000000938_2,252Wx374H/MP000000000000938_2,97Wx144H/MP000000000000938_2"
MP000000000000938_4,"113Wx168H/MP000000000000938_4,437Wx649H/MP000000000000938_4,1348Wx2000H/MP000000000000938_4,97Wx144H/MP000000000000938_4,252Wx374H/MP000000000000938_4"
MP000000000000938_3,"1348Wx2000H/MP000000000000938_3,437Wx649H/MP000000000000938_3,252Wx374H/MP000000000000938_3,97Wx144H/MP000000000000938_3,113Wx168H/MP000000000000938_3"
MP000000000060053_1,"437Wx649H/MP000000000060053_1,97Wx144H/MP000000000060053_1,1348Wx2000H/MP000000000060053_1,252Wx374H/MP000000000060053_1,113Wx168H/MP000000000060053_1"
MP000000000060053_2,"1348Wx2000H/MP000000000060053_2,437Wx649H/MP000000000060053_2,252Wx374H/MP000000000060053_2,97Wx144H/MP000000000060053_2,113Wx168H/MP000000000060053_2"
MP000000000595963_1,"1348Wx2000H/MP000000000595963_1,437Wx649H/MP000000000595963_1,252Wx374H/MP000000000595963_1,97Wx144H/MP000000000595963_1,113Wx168H/MP000000000595963_1"
MP000000000595963_3,"1348Wx2000H/MP000000000595963_3,437Wx649H/MP000000000595963_3,252Wx374H/MP000000000595963_3,97Wx144H/MP000000000595963_3,113Wx168H/MP000000000595963_3"
MP000000000595963_2,"1348Wx2000H/MP000000000595963_2,437Wx649H/MP000000000595963_2,252Wx374H/MP000000000595963_2,97Wx144H/MP000000000595963_2,113Wx168H/MP000000000595963_2"
MP000000000000938_1,"97Wx144H/MP000000000000938_1,1348Wx2000H/MP000000000000938_1,113Wx168H/MP000000000000938_1,437Wx649H/MP000000000000938_1,252Wx374H/MP000000000000938_1"
MP000000000000938_2,"1348Wx2000H/MP000000000000938_2,113Wx168H/MP000000000000938_2,437Wx649H/MP000000000000938_2,252Wx374H/MP000000000000938_2,97Wx144H/MP000000000000938_2"
MP000000000000938_4,"113Wx168H/MP000000000000938_4,437Wx649H/MP000000000000938_4,1348Wx2000H/MP000000000000938_4,97Wx144H/MP000000000000938_4,252Wx374H/MP000000000000938_4"
MP000000000000938_3,"1348Wx2000H/MP000000000000938_3,437Wx649H/MP000000000000938_3,252Wx374H/MP000000000000938_3,97Wx144H/MP000000000000938_3,113Wx168H/MP000000000000938_3"
MP000000000073785_1,"1348Wx2000H/MP000000000073785_1,437Wx649H/MP000000000073785_1,252Wx374H/MP000000000073785_1,113Wx168H/MP000000000073785_1,97Wx144H/MP000000000073785_1"
MP000000000073785_4,"252Wx374H/MP000000000073785_4,1348Wx2000H/MP000000000073785_4,97Wx144H/MP000000000073785_4,437Wx649H/MP000000000073785_4,113Wx168H/MP000000000073785_4"
MP000000000073785_3,"437Wx649H/MP000000000073785_3,252Wx374H/MP000000000073785_3,97Wx144H/MP000000000073785_3,113Wx168H/MP000000000073785_3,1348Wx2000H/MP000000000073785_3"
MP000000000073785_2,"97Wx144H/MP000000000073785_2,252Wx374H/MP000000000073785_2,113Wx168H/MP000000000073785_2,1348Wx2000H/MP000000000073785_2,437Wx649H/MP000000000073785_2"
MP000000000100344_3,"1348Wx2000H/MP000000000100344_3,437Wx649H/MP000000000100344_3,252Wx374H/MP000000000100344_3,113Wx168H/MP000000000100344_3,97Wx144H/MP000000000100344_3"
MP000000000100344_1,"1348Wx2000H/MP000000000100344_1,437Wx649H/MP000000000100344_1,252Wx374H/MP000000000100344_1,97Wx144H/MP000000000100344_1,113Wx168H/MP000000000100344_1"
MP000000000100344_2,"1348Wx2000H/MP000000000100344_2,252Wx374H/MP000000000100344_2,437Wx649H/MP000000000100344_2,97Wx144H/MP000000000100344_2,113Wx168H/MP000000000100344_2"
MP000000000243635_1,"1348Wx2000H/MP000000000243635_1,437Wx649H/MP000000000243635_1,252Wx374H/MP000000000243635_1,113Wx168H/MP000000000243635_1,97Wx144H/MP000000000243635_1"
MP000000000243635_2,"252Wx374H/MP000000000243635_2,1348Wx2000H/MP000000000243635_2,437Wx649H/MP000000000243635_2,113Wx168H/MP000000000243635_2,97Wx144H/MP000000000243635_2"
MP000000000243635_3,"113Wx168H/MP000000000243635_3,1348Wx2000H/MP000000000243635_3,437Wx649H/MP000000000243635_3,252Wx374H/MP000000000243635_3,97Wx144H/MP000000000243635_3"
MP000000000243635_1,"1348Wx2000H/MP000000000243635_1,437Wx649H/MP000000000243635_1,252Wx374H/MP000000000243635_1,113Wx168H/MP000000000243635_1,97Wx144H/MP000000000243635_1"
MP000000000243635_2,"252Wx374H/MP000000000243635_2,1348Wx2000H/MP000000000243635_2,437Wx649H/MP000000000243635_2,113Wx168H/MP000000000243635_2,97Wx144H/MP000000000243635_2"
MP000000000243635_3,"113Wx168H/MP000000000243635_3,1348Wx2000H/MP000000000243635_3,437Wx649H/MP000000000243635_3,252Wx374H/MP000000000243635_3,97Wx144H/MP000000000243635_3"
MP000000000243635_1,"1348Wx2000H/MP000000000243635_1,437Wx649H/MP000000000243635_1,252Wx374H/MP000000000243635_1,113Wx168H/MP000000000243635_1,97Wx144H/MP000000000243635_1"
MP000000000243635_2,"252Wx374H/MP000000000243635_2,1348Wx2000H/MP000000000243635_2,437Wx649H/MP000000000243635_2,113Wx168H/MP000000000243635_2,97Wx144H/MP000000000243635_2"
MP000000000243635_3,"113Wx168H/MP000000000243635_3,1348Wx2000H/MP000000000243635_3,437Wx649H/MP000000000243635_3,252Wx374H/MP000000000243635_3,97Wx144H/MP000000000243635_3"
MP000000000060053_1,"437Wx649H/MP000000000060053_1,1348Wx2000H/MP000000000060053_1,97Wx144H/MP000000000060053_1,252Wx374H/MP000000000060053_1,113Wx168H/MP000000000060053_1"
MP000000000060053_2,"113Wx168H/MP000000000060053_2,437Wx649H/MP000000000060053_2,252Wx374H/MP000000000060053_2,1348Wx2000H/MP000000000060053_2,97Wx144H/MP000000000060053_2"
MP000000000100344_3,"1348Wx2000H/MP000000000100344_3,437Wx649H/MP000000000100344_3,252Wx374H/MP000000000100344_3,113Wx168H/MP000000000100344_3,97Wx144H/MP000000000100344_3"
MP000000000100344_2,"1348Wx2000H/MP000000000100344_2,252Wx374H/MP000000000100344_2,437Wx649H/MP000000000100344_2,97Wx144H/MP000000000100344_2,113Wx168H/MP000000000100344_2"
MP000000000100344_1,"1348Wx2000H/MP000000000100344_1,437Wx649H/MP000000000100344_1,252Wx374H/MP000000000100344_1,97Wx144H/MP000000000100344_1,113Wx168H/MP000000000100344_1"
MP000000000073785_1,"1348Wx2000H/MP000000000073785_1,437Wx649H/MP000000000073785_1,252Wx374H/MP000000000073785_1,113Wx168H/MP000000000073785_1,97Wx144H/MP000000000073785_1"
MP000000000073785_4,"252Wx374H/MP000000000073785_4,1348Wx2000H/MP000000000073785_4,97Wx144H/MP000000000073785_4,437Wx649H/MP000000000073785_4,113Wx168H/MP000000000073785_4"
MP000000000073785_3,"437Wx649H/MP000000000073785_3,252Wx374H/MP000000000073785_3,97Wx144H/MP000000000073785_3,113Wx168H/MP000000000073785_3,1348Wx2000H/MP000000000073785_3"
MP000000000073785_2,"97Wx144H/MP000000000073785_2,252Wx374H/MP000000000073785_2,113Wx168H/MP000000000073785_2,1348Wx2000H/MP000000000073785_2,437Wx649H/MP000000000073785_2"
MP000000000198270_1,"1348Wx2000H/MP000000000198270_1,97Wx144H/MP000000000198270_1,113Wx168H/MP000000000198270_1,437Wx649H/MP000000000198270_1,252Wx374H/MP000000000198270_1"
MP000000000198270_3,"252Wx374H/MP000000000198270_3,113Wx168H/MP000000000198270_3,1348Wx2000H/MP000000000198270_3,437Wx649H/MP000000000198270_3,97Wx144H/MP000000000198270_3"
MP000000000198270_2,"1348Wx2000H/MP000000000198270_2,437Wx649H/MP000000000198270_2,252Wx374H/MP000000000198270_2,113Wx168H/MP000000000198270_2,97Wx144H/MP000000000198270_2"
MP000000000243635_1,"1348Wx2000H/MP000000000243635_1,437Wx649H/MP000000000243635_1,252Wx374H/MP000000000243635_1,113Wx168H/MP000000000243635_1,97Wx144H/MP000000000243635_1"
MP000000000243635_2,"252Wx374H/MP000000000243635_2,1348Wx2000H/MP000000000243635_2,437Wx649H/MP000000000243635_2,113Wx168H/MP000000000243635_2,97Wx144H/MP000000000243635_2"
MP000000000243635_3,"113Wx168H/MP000000000243635_3,1348Wx2000H/MP000000000243635_3,437Wx649H/MP000000000243635_3,252Wx374H/MP000000000243635_3,97Wx144H/MP000000000243635_3"
MP000000000000938_1,"97Wx144H/MP000000000000938_1,1348Wx2000H/MP000000000000938_1,113Wx168H/MP000000000000938_1,252Wx374H/MP000000000000938_1,437Wx649H/MP000000000000938_1"
MP000000000000938_2,"1348Wx2000H/MP000000000000938_2,113Wx168H/MP000000000000938_2,437Wx649H/MP000000000000938_2,252Wx374H/MP000000000000938_2,97Wx144H/MP000000000000938_2"
MP000000000000938_4,"113Wx168H/MP000000000000938_4,437Wx649H/MP000000000000938_4,1348Wx2000H/MP000000000000938_4,97Wx144H/MP000000000000938_4,252Wx374H/MP000000000000938_4"
MP000000000000938_3,"1348Wx2000H/MP000000000000938_3,437Wx649H/MP000000000000938_3,252Wx374H/MP000000000000938_3,97Wx144H/MP000000000000938_3,113Wx168H/MP000000000000938_3"
MP000000000000938_2,"1348Wx2000H/MP000000000000938_2,113Wx168H/MP000000000000938_2,437Wx649H/MP000000000000938_2,252Wx374H/MP000000000000938_2,97Wx144H/MP000000000000938_2"
MP000000000000938_3,"1348Wx2000H/MP000000000000938_3,437Wx649H/MP000000000000938_3,252Wx374H/MP000000000000938_3,97Wx144H/MP000000000000938_3,113Wx168H/MP000000000000938_3"
MP000000000000938_1,"97Wx144H/MP000000000000938_1,1348Wx2000H/MP000000000000938_1,113Wx168H/MP000000000000938_1,252Wx374H/MP000000000000938_1,437Wx649H/MP000000000000938_1"
MP000000000000938_4,"113Wx168H/MP000000000000938_4,437Wx649H/MP000000000000938_4,1348Wx2000H/MP000000000000938_4,97Wx144H/MP000000000000938_4,252Wx374H/MP000000000000938_4"
MP000000000060053_1,"437Wx649H/MP000000000060053_1,1348Wx2000H/MP000000000060053_1,97Wx144H/MP000000000060053_1,252Wx374H/MP000000000060053_1,113Wx168H/MP000000000060053_1"
MP000000000060053_2,"113Wx168H/MP000000000060053_2,437Wx649H/MP000000000060053_2,252Wx374H/MP000000000060053_2,1348Wx2000H/MP000000000060053_2,97Wx144H/MP000000000060053_2"
MP000000000060053_2,"113Wx168H/MP000000000060053_2,437Wx649H/MP000000000060053_2,252Wx374H/MP000000000060053_2,1348Wx2000H/MP000000000060053_2,97Wx144H/MP000000000060053_2"
MP000000000190336_2,"437Wx649H/MP000000000190336_2,252Wx374H/MP000000000190336_2,113Wx168H/MP000000000190336_2,97Wx144H/MP000000000190336_2,1348Wx2000H/MP000000000190336_2"
MP000000000190336_1,"1348Wx2000H/MP000000000190336_1,437Wx649H/MP000000000190336_1,97Wx144H/MP000000000190336_1,252Wx374H/MP000000000190336_1,113Wx168H/MP000000000190336_1"
MP000000000060053_1,"437Wx649H/MP000000000060053_1,1348Wx2000H/MP000000000060053_1,97Wx144H/MP000000000060053_1,252Wx374H/MP000000000060053_1,113Wx168H/MP000000000060053_1"
MP000000000060053_2,"113Wx168H/MP000000000060053_2,437Wx649H/MP000000000060053_2,252Wx374H/MP000000000060053_2,1348Wx2000H/MP000000000060053_2,97Wx144H/MP000000000060053_2"
MP000000000060053_2,"113Wx168H/MP000000000060053_2,437Wx649H/MP000000000060053_2,252Wx374H/MP000000000060053_2,1348Wx2000H/MP000000000060053_2,97Wx144H/MP000000000060053_2"
MP000000000000938_1,"97Wx144H/MP000000000000938_1,1348Wx2000H/MP000000000000938_1,113Wx168H/MP000000000000938_1,252Wx374H/MP000000000000938_1,437Wx649H/MP000000000000938_1"
MP000000000000938_2,"1348Wx2000H/MP000000000000938_2,113Wx168H/MP000000000000938_2,437Wx649H/MP000000000000938_2,252Wx374H/MP000000000000938_2,97Wx144H/MP000000000000938_2"
MP000000000000938_4,"113Wx168H/MP000000000000938_4,437Wx649H/MP000000000000938_4,1348Wx2000H/MP000000000000938_4,97Wx144H/MP000000000000938_4,252Wx374H/MP000000000000938_4"
MP000000000000938_3,"1348Wx2000H/MP000000000000938_3,437Wx649H/MP000000000000938_3,252Wx374H/MP000000000000938_3,97Wx144H/MP000000000000938_3,113Wx168H/MP000000000000938_3"
MP000000000000938_2,"1348Wx2000H/MP000000000000938_2,113Wx168H/MP000000000000938_2,437Wx649H/MP000000000000938_2,252Wx374H/MP000000000000938_2,97Wx144H/MP000000000000938_2"
MP000000000000938_3,"1348Wx2000H/MP000000000000938_3,437Wx649H/MP000000000000938_3,252Wx374H/MP000000000000938_3,97Wx144H/MP000000000000938_3,113Wx168H/MP000000000000938_3"
MP000000000000938_1,"97Wx144H/MP000000000000938_1,1348Wx2000H/MP000000000000938_1,113Wx168H/MP000000000000938_1,252Wx374H/MP000000000000938_1,437Wx649H/MP000000000000938_1"
MP000000000000938_1,"97Wx144H/MP000000000000938_1,1348Wx2000H/MP000000000000938_1,113Wx168H/MP000000000000938_1,252Wx374H/MP000000000000938_1,437Wx649H/MP000000000000938_1"
MP000000000000938_4,"113Wx168H/MP000000000000938_4,437Wx649H/MP000000000000938_4,1348Wx2000H/MP000000000000938_4,97Wx144H/MP000000000000938_4,252Wx374H/MP000000000000938_4"
MP000000000060053_1,"437Wx649H/MP000000000060053_1,1348Wx2000H/MP000000000060053_1,97Wx144H/MP000000000060053_1,252Wx374H/MP000000000060053_1,113Wx168H/MP000000000060053_1"
MP000000000060053_2,"113Wx168H/MP000000000060053_2,437Wx649H/MP000000000060053_2,252Wx374H/MP000000000060053_2,1348Wx2000H/MP000000000060053_2,97Wx144H/MP000000000060053_2"
MP000000000000938_1,"97Wx144H/MP000000000000938_1,1348Wx2000H/MP000000000000938_1,113Wx168H/MP000000000000938_1,252Wx374H/MP000000000000938_1,437Wx649H/MP000000000000938_1"
MP000000000000938_2,"1348Wx2000H/MP000000000000938_2,113Wx168H/MP000000000000938_2,437Wx649H/MP000000000000938_2,252Wx374H/MP000000000000938_2,97Wx144H/MP000000000000938_2"
MP000000000000938_4,"113Wx168H/MP000000000000938_4,437Wx649H/MP000000000000938_4,1348Wx2000H/MP000000000000938_4,97Wx144H/MP000000000000938_4,252Wx374H/MP000000000000938_4"
MP000000000000938_3,"1348Wx2000H/MP000000000000938_3,437Wx649H/MP000000000000938_3,252Wx374H/MP000000000000938_3,97Wx144H/MP000000000000938_3,113Wx168H/MP000000000000938_3"
MP000000000073785_1,"1348Wx2000H/MP000000000073785_1,437Wx649H/MP000000000073785_1,252Wx374H/MP000000000073785_1,113Wx168H/MP000000000073785_1,97Wx144H/MP000000000073785_1"
MP000000000073785_4,"252Wx374H/MP000000000073785_4,1348Wx2000H/MP000000000073785_4,97Wx144H/MP000000000073785_4,437Wx649H/MP000000000073785_4,113Wx168H/MP000000000073785_4"
MP000000000073785_3,"437Wx649H/MP000000000073785_3,252Wx374H/MP000000000073785_3,97Wx144H/MP000000000073785_3,113Wx168H/MP000000000073785_3,1348Wx2000H/MP000000000073785_3"
MP000000000073785_2,"97Wx144H/MP000000000073785_2,252Wx374H/MP000000000073785_2,113Wx168H/MP000000000073785_2,1348Wx2000H/MP000000000073785_2,437Wx649H/MP000000000073785_2"
MP000000000100344_3,"1348Wx2000H/MP000000000100344_3,437Wx649H/MP000000000100344_3,252Wx374H/MP000000000100344_3,113Wx168H/MP000000000100344_3,97Wx144H/MP000000000100344_3"
MP000000000100344_1,"1348Wx2000H/MP000000000100344_1,437Wx649H/MP000000000100344_1,252Wx374H/MP000000000100344_1,97Wx144H/MP000000000100344_1,113Wx168H/MP000000000100344_1"
MP000000000100344_2,"1348Wx2000H/MP000000000100344_2,252Wx374H/MP000000000100344_2,437Wx649H/MP000000000100344_2,97Wx144H/MP000000000100344_2,113Wx168H/MP000000000100344_2"
MP000000000198270_1,"1348Wx2000H/MP000000000198270_1,97Wx144H/MP000000000198270_1,113Wx168H/MP000000000198270_1,437Wx649H/MP000000000198270_1,252Wx374H/MP000000000198270_1"
MP000000000198270_3,"252Wx374H/MP000000000198270_3,113Wx168H/MP000000000198270_3,1348Wx2000H/MP000000000198270_3,437Wx649H/MP000000000198270_3,97Wx144H/MP000000000198270_3"
MP000000000198270_2,"1348Wx2000H/MP000000000198270_2,437Wx649H/MP000000000198270_2,252Wx374H/MP000000000198270_2,113Wx168H/MP000000000198270_2,97Wx144H/MP000000000198270_2"
MP000000000243635_1,"1348Wx2000H/MP000000000243635_1,437Wx649H/MP000000000243635_1,252Wx374H/MP000000000243635_1,113Wx168H/MP000000000243635_1,97Wx144H/MP000000000243635_1"
MP000000000243635_2,"252Wx374H/MP000000000243635_2,1348Wx2000H/MP000000000243635_2,437Wx649H/MP000000000243635_2,113Wx168H/MP000000000243635_2,97Wx144H/MP000000000243635_2"
MP000000000243635_3,"113Wx168H/MP000000000243635_3,1348Wx2000H/MP000000000243635_3,437Wx649H/MP000000000243635_3,252Wx374H/MP000000000243635_3,97Wx144H/MP000000000243635_3"
MP000000000190336_1,"1348Wx2000H/MP000000000190336_1,437Wx649H/MP000000000190336_1,97Wx144H/MP000000000190336_1,252Wx374H/MP000000000190336_1,113Wx168H/MP000000000190336_1"
MP000000000190336_3,"252Wx374H/MP000000000190336_3,437Wx649H/MP000000000190336_3,97Wx144H/MP000000000190336_3,113Wx168H/MP000000000190336_3,1348Wx2000H/MP000000000190336_3"
MP000000000190336_4,"437Wx649H/MP000000000190336_4,113Wx168H/MP000000000190336_4,252Wx374H/MP000000000190336_4,97Wx144H/MP000000000190336_4,1348Wx2000H/MP000000000190336_4"
MP000000000190336_2,"437Wx649H/MP000000000190336_2,252Wx374H/MP000000000190336_2,113Wx168H/MP000000000190336_2,97Wx144H/MP000000000190336_2,1348Wx2000H/MP000000000190336_2"
MP000000000000938_1,"97Wx144H/MP000000000000938_1,1348Wx2000H/MP000000000000938_1,113Wx168H/MP000000000000938_1,252Wx374H/MP000000000000938_1,437Wx649H/MP000000000000938_1"
MP000000000000938_2,"1348Wx2000H/MP000000000000938_2,113Wx168H/MP000000000000938_2,437Wx649H/MP000000000000938_2,252Wx374H/MP000000000000938_2,97Wx144H/MP000000000000938_2"
MP000000000000938_4,"113Wx168H/MP000000000000938_4,437Wx649H/MP000000000000938_4,1348Wx2000H/MP000000000000938_4,97Wx144H/MP000000000000938_4,252Wx374H/MP000000000000938_4"
MP000000000000938_3,"1348Wx2000H/MP000000000000938_3,437Wx649H/MP000000000000938_3,252Wx374H/MP000000000000938_3,97Wx144H/MP000000000000938_3,113Wx168H/MP000000000000938_3"
MP000000000000938_2,"1348Wx2000H/MP000000000000938_2,113Wx168H/MP000000000000938_2,437Wx649H/MP000000000000938_2,252Wx374H/MP000000000000938_2,97Wx144H/MP000000000000938_2"
MP000000000000938_3,"1348Wx2000H/MP000000000000938_3,437Wx649H/MP000000000000938_3,252Wx374H/MP000000000000938_3,97Wx144H/MP000000000000938_3,113Wx168H/MP000000000000938_3"
MP000000000000938_1,"97Wx144H/MP000000000000938_1,1348Wx2000H/MP000000000000938_1,113Wx168H/MP000000000000938_1,252Wx374H/MP000000000000938_1,437Wx649H/MP000000000000938_1"
MP000000000000938_4,"113Wx168H/MP000000000000938_4,437Wx649H/MP000000000000938_4,1348Wx2000H/MP000000000000938_4,97Wx144H/MP000000000000938_4,252Wx374H/MP000000000000938_4"
MP000000000060053_2,"113Wx168H/MP000000000060053_2,437Wx649H/MP000000000060053_2,252Wx374H/MP000000000060053_2,1348Wx2000H/MP000000000060053_2,97Wx144H/MP000000000060053_2"
MP000000000060053_1,"437Wx649H/MP000000000060053_1,1348Wx2000H/MP000000000060053_1,97Wx144H/MP000000000060053_1,252Wx374H/MP000000000060053_1,113Wx168H/MP000000000060053_1"
MP000000000373567_1,"1348Wx2000H/MP000000000373567_1,252Wx374H/MP000000000373567_1,437Wx649H/MP000000000373567_1,97Wx144H/MP000000000373567_1,113Wx168H/MP000000000373567_1"
MP000000000373567_2,"252Wx374H/MP000000000373567_2,113Wx168H/MP000000000373567_2,1348Wx2000H/MP000000000373567_2,437Wx649H/MP000000000373567_2,97Wx144H/MP000000000373567_2"
MP000000000190336_1,"1348Wx2000H/MP000000000190336_1,437Wx649H/MP000000000190336_1,97Wx144H/MP000000000190336_1,252Wx374H/MP000000000190336_1,113Wx168H/MP000000000190336_1"
MP000000000198270_2,"1348Wx2000H/MP000000000198270_2,437Wx649H/MP000000000198270_2,252Wx374H/MP000000000198270_2,113Wx168H/MP000000000198270_2,97Wx144H/MP000000000198270_2"
MP000000000073785_2,"97Wx144H/MP000000000073785_2,252Wx374H/MP000000000073785_2,113Wx168H/MP000000000073785_2,1348Wx2000H/MP000000000073785_2,437Wx649H/MP000000000073785_2"
MP000000000100344_3,"1348Wx2000H/MP000000000100344_3,437Wx649H/MP000000000100344_3,252Wx374H/MP000000000100344_3,113Wx168H/MP000000000100344_3,97Wx144H/MP000000000100344_3"
MP000000000073785_1,"1348Wx2000H/MP000000000073785_1,437Wx649H/MP000000000073785_1,252Wx374H/MP000000000073785_1,113Wx168H/MP000000000073785_1,97Wx144H/MP000000000073785_1"
MP000000000190336_3,"252Wx374H/MP000000000190336_3,437Wx649H/MP000000000190336_3,97Wx144H/MP000000000190336_3,113Wx168H/MP000000000190336_3,1348Wx2000H/MP000000000190336_3"
MP000000000198270_1,"1348Wx2000H/MP000000000198270_1,97Wx144H/MP000000000198270_1,113Wx168H/MP000000000198270_1,437Wx649H/MP000000000198270_1,252Wx374H/MP000000000198270_1"
MP000000000100344_2,"1348Wx2000H/MP000000000100344_2,252Wx374H/MP000000000100344_2,437Wx649H/MP000000000100344_2,97Wx144H/MP000000000100344_2,113Wx168H/MP000000000100344_2"
MP000000000190336_4,"437Wx649H/MP000000000190336_4,113Wx168H/MP000000000190336_4,252Wx374H/MP000000000190336_4,97Wx144H/MP000000000190336_4,1348Wx2000H/MP000000000190336_4"
MP000000000190336_2,"437Wx649H/MP000000000190336_2,252Wx374H/MP000000000190336_2,113Wx168H/MP000000000190336_2,97Wx144H/MP000000000190336_2,1348Wx2000H/MP000000000190336_2"
MP000000000073785_3,"437Wx649H/MP000000000073785_3,252Wx374H/MP000000000073785_3,97Wx144H/MP000000000073785_3,113Wx168H/MP000000000073785_3,1348Wx2000H/MP000000000073785_3"
MP000000000198270_3,"252Wx374H/MP000000000198270_3,113Wx168H/MP000000000198270_3,1348Wx2000H/MP000000000198270_3,437Wx649H/MP000000000198270_3,97Wx144H/MP000000000198270_3"
MP000000000100344_1,"1348Wx2000H/MP000000000100344_1,437Wx649H/MP000000000100344_1,252Wx374H/MP000000000100344_1,97Wx144H/MP000000000100344_1,113Wx168H/MP000000000100344_1"
MP000000000073785_2,"97Wx144H/MP000000000073785_2,252Wx374H/MP000000000073785_2,113Wx168H/MP000000000073785_2,1348Wx2000H/MP000000000073785_2,437Wx649H/MP000000000073785_2"
MP000000000190336_1,"1348Wx2000H/MP000000000190336_1,437Wx649H/MP000000000190336_1,97Wx144H/MP000000000190336_1,252Wx374H/MP000000000190336_1,113Wx168H/MP000000000190336_1"
MP000000000190336_1,"1348Wx2000H/MP000000000190336_1,437Wx649H/MP000000000190336_1,97Wx144H/MP000000000190336_1,252Wx374H/MP000000000190336_1,113Wx168H/MP000000000190336_1"
MP000000000198270_2,"1348Wx2000H/MP000000000198270_2,437Wx649H/MP000000000198270_2,252Wx374H/MP000000000198270_2,113Wx168H/MP000000000198270_2,97Wx144H/MP000000000198270_2"
MP000000000100344_3,"1348Wx2000H/MP000000000100344_3,437Wx649H/MP000000000100344_3,252Wx374H/MP000000000100344_3,113Wx168H/MP000000000100344_3,97Wx144H/MP000000000100344_3"
MP000000000073785_1,"1348Wx2000H/MP000000000073785_1,437Wx649H/MP000000000073785_1,252Wx374H/MP000000000073785_1,113Wx168H/MP000000000073785_1,97Wx144H/MP000000000073785_1"
MP000000000190336_3,"252Wx374H/MP000000000190336_3,437Wx649H/MP000000000190336_3,97Wx144H/MP000000000190336_3,113Wx168H/MP000000000190336_3,1348Wx2000H/MP000000000190336_3"
MP000000000198270_1,"1348Wx2000H/MP000000000198270_1,97Wx144H/MP000000000198270_1,113Wx168H/MP000000000198270_1,437Wx649H/MP000000000198270_1,252Wx374H/MP000000000198270_1"
MP000000000100344_2,"1348Wx2000H/MP000000000100344_2,252Wx374H/MP000000000100344_2,437Wx649H/MP000000000100344_2,97Wx144H/MP000000000100344_2,113Wx168H/MP000000000100344_2"
MP000000000190336_4,"437Wx649H/MP000000000190336_4,113Wx168H/MP000000000190336_4,252Wx374H/MP000000000190336_4,97Wx144H/MP000000000190336_4,1348Wx2000H/MP000000000190336_4"
MP000000000190336_2,"437Wx649H/MP000000000190336_2,252Wx374H/MP000000000190336_2,113Wx168H/MP000000000190336_2,97Wx144H/MP000000000190336_2,1348Wx2000H/MP000000000190336_2"
MP000000000073785_3,"437Wx649H/MP000000000073785_3,252Wx374H/MP000000000073785_3,97Wx144H/MP000000000073785_3,113Wx168H/MP000000000073785_3,1348Wx2000H/MP000000000073785_3"
MP000000000198270_3,"252Wx374H/MP000000000198270_3,113Wx168H/MP000000000198270_3,1348Wx2000H/MP000000000198270_3,437Wx649H/MP000000000198270_3,97Wx144H/MP000000000198270_3"
MP000000000100344_1,"1348Wx2000H/MP000000000100344_1,437Wx649H/MP000000000100344_1,252Wx374H/MP000000000100344_1,97Wx144H/MP000000000100344_1,113Wx168H/MP000000000100344_1"
MP000000000373567_1,"1348Wx2000H/MP000000000373567_1,252Wx374H/MP000000000373567_1,437Wx649H/MP000000000373567_1,97Wx144H/MP000000000373567_1,113Wx168H/MP000000000373567_1"
MP000000000373567_2,"252Wx374H/MP000000000373567_2,113Wx168H/MP000000000373567_2,1348Wx2000H/MP000000000373567_2,437Wx649H/MP000000000373567_2,97Wx144H/MP000000000373567_2"
MP000000000373567_1,"1348Wx2000H/MP000000000373567_1,252Wx374H/MP000000000373567_1,437Wx649H/MP000000000373567_1,97Wx144H/MP000000000373567_1,113Wx168H/MP000000000373567_1"
MP000000000373567_2,"252Wx374H/MP000000000373567_2,113Wx168H/MP000000000373567_2,1348Wx2000H/MP000000000373567_2,437Wx649H/MP000000000373567_2,97Wx144H/MP000000000373567_2"
MP000000000073785_3,"437Wx649H/MP000000000073785_3,252Wx374H/MP000000000073785_3,97Wx144H/MP000000000073785_3,113Wx168H/MP000000000073785_3,1348Wx2000H/MP000000000073785_3"
MP000000000073785_1,"1348Wx2000H/MP000000000073785_1,437Wx649H/MP000000000073785_1,252Wx374H/MP000000000073785_1,113Wx168H/MP000000000073785_1,97Wx144H/MP000000000073785_1"
MP000000000073785_4,"252Wx374H/MP000000000073785_4,1348Wx2000H/MP000000000073785_4,97Wx144H/MP000000000073785_4,437Wx649H/MP000000000073785_4,113Wx168H/MP000000000073785_4"
MP000000000073785_2,"97Wx144H/MP000000000073785_2,252Wx374H/MP000000000073785_2,113Wx168H/MP000000000073785_2,1348Wx2000H/MP000000000073785_2,437Wx649H/MP000000000073785_2"
MP000000000000938_1,"97Wx144H/MP000000000000938_1,1348Wx2000H/MP000000000000938_1,113Wx168H/MP000000000000938_1,252Wx374H/MP000000000000938_1,437Wx649H/MP000000000000938_1"
MP000000000000938_2,"1348Wx2000H/MP000000000000938_2,113Wx168H/MP000000000000938_2,437Wx649H/MP000000000000938_2,252Wx374H/MP000000000000938_2,97Wx144H/MP000000000000938_2"
MP000000000000938_3,"1348Wx2000H/MP000000000000938_3,437Wx649H/MP000000000000938_3,252Wx374H/MP000000000000938_3,97Wx144H/MP000000000000938_3,113Wx168H/MP000000000000938_3"
MP000000000000938_4,"113Wx168H/MP000000000000938_4,437Wx649H/MP000000000000938_4,1348Wx2000H/MP000000000000938_4,97Wx144H/MP000000000000938_4,252Wx374H/MP000000000000938_4"
MP000000000060053_2,"113Wx168H/MP000000000060053_2,437Wx649H/MP000000000060053_2,252Wx374H/MP000000000060053_2,1348Wx2000H/MP000000000060053_2,97Wx144H/MP000000000060053_2"
MP000000000060053_1,"437Wx649H/MP000000000060053_1,1348Wx2000H/MP000000000060053_1,97Wx144H/MP000000000060053_1,252Wx374H/MP000000000060053_1,113Wx168H/MP000000000060053_1"
MP000000000000938_1,"97Wx144H/MP000000000000938_1,1348Wx2000H/MP000000000000938_1,113Wx168H/MP000000000000938_1,252Wx374H/MP000000000000938_1,437Wx649H/MP000000000000938_1"
MP000000000000938_2,"1348Wx2000H/MP000000000000938_2,113Wx168H/MP000000000000938_2,437Wx649H/MP000000000000938_2,252Wx374H/MP000000000000938_2,97Wx144H/MP000000000000938_2"
MP000000000000938_3,"1348Wx2000H/MP000000000000938_3,437Wx649H/MP000000000000938_3,252Wx374H/MP000000000000938_3,97Wx144H/MP000000000000938_3,113Wx168H/MP000000000000938_3"
MP000000000000938_4,"113Wx168H/MP000000000000938_4,437Wx649H/MP000000000000938_4,1348Wx2000H/MP000000000000938_4,97Wx144H/MP000000000000938_4,252Wx374H/MP000000000000938_4"
MP000000000060053_2,"113Wx168H/MP000000000060053_2,437Wx649H/MP000000000060053_2,252Wx374H/MP000000000060053_2,1348Wx2000H/MP000000000060053_2,97Wx144H/MP000000000060053_2"
MP000000000060053_1,"437Wx649H/MP000000000060053_1,1348Wx2000H/MP000000000060053_1,97Wx144H/MP000000000060053_1,252Wx374H/MP000000000060053_1,113Wx168H/MP000000000060053_1"
MP000000000243635_2,"252Wx374H/MP000000000243635_2,1348Wx2000H/MP000000000243635_2,437Wx649H/MP000000000243635_2,113Wx168H/MP000000000243635_2,97Wx144H/MP000000000243635_2"
MP000000000243635_1,"1348Wx2000H/MP000000000243635_1,437Wx649H/MP000000000243635_1,252Wx374H/MP000000000243635_1,113Wx168H/MP000000000243635_1,97Wx144H/MP000000000243635_1"
MP000000000243635_3,"113Wx168H/MP000000000243635_3,1348Wx2000H/MP000000000243635_3,437Wx649H/MP000000000243635_3,252Wx374H/MP000000000243635_3,97Wx144H/MP000000000243635_3"
MP000000000243635_2,"252Wx374H/MP000000000243635_2,1348Wx2000H/MP000000000243635_2,437Wx649H/MP000000000243635_2,113Wx168H/MP000000000243635_2,97Wx144H/MP000000000243635_2"
MP000000000243635_1,"1348Wx2000H/MP000000000243635_1,437Wx649H/MP000000000243635_1,252Wx374H/MP000000000243635_1,113Wx168H/MP000000000243635_1,97Wx144H/MP000000000243635_1"
MP000000000243635_3,"113Wx168H/MP000000000243635_3,1348Wx2000H/MP000000000243635_3,437Wx649H/MP000000000243635_3,252Wx374H/MP000000000243635_3,97Wx144H/MP000000000243635_3"
MP000000000000938_1,"97Wx144H/MP000000000000938_1,1348Wx2000H/MP000000000000938_1,113Wx168H/MP000000000000938_1,252Wx374H/MP000000000000938_1,437Wx649H/MP000000000000938_1"
MP000000000000938_2,"1348Wx2000H/MP000000000000938_2,113Wx168H/MP000000000000938_2,437Wx649H/MP000000000000938_2,252Wx374H/MP000000000000938_2,97Wx144H/MP000000000000938_2"
MP000000000000938_3,"1348Wx2000H/MP000000000000938_3,437Wx649H/MP000000000000938_3,252Wx374H/MP000000000000938_3,97Wx144H/MP000000000000938_3,113Wx168H/MP000000000000938_3"
MP000000000000938_4,"113Wx168H/MP000000000000938_4,437Wx649H/MP000000000000938_4,1348Wx2000H/MP000000000000938_4,97Wx144H/MP000000000000938_4,252Wx374H/MP000000000000938_4"
MP000000000060053_2,"113Wx168H/MP000000000060053_2,437Wx649H/MP000000000060053_2,252Wx374H/MP000000000060053_2,1348Wx2000H/MP000000000060053_2,97Wx144H/MP000000000060053_2"
MP000000000060053_1,"437Wx649H/MP000000000060053_1,1348Wx2000H/MP000000000060053_1,97Wx144H/MP000000000060053_1,252Wx374H/MP000000000060053_1,113Wx168H/MP000000000060053_1"
