MP000000000243635,Bingo10Black,100057Bingo10Black,100057,Go For Computers_SLP,Platinum,20160611000000,20180611000000,20160611000000
MP000000000243635,Bingo10Black,100256Bingo10Black,100256,NCPL,Platinum,20160720000000,20180720000000,20160720000000
MP000000000060053,i6sPlus64gbGold,100010i6sPlus64gbGold,100010,Bathla Teletech Pvt Ltd,Platinum,20160317000000,20160317000000,20160317000000
MP000000000100344,728G,100073728G,100073,Vardhman Tele Marketing,Platinum,20160321000000,20180321000000,20160323000000
MP000000000060053,193647,100058193647,100058,Croma,Platinum,20160411000000,20180411000000,20160411000000
MP000000000060053,iPhone6sPlus64GBGold,100073iPhone6sPlus64GBGold,100073,Vardhman Tele Marketing,Platinum,20160520000000,20180520000000,20160520000000
MP000000000243635,Bingo10Black,100057Bingo10Black,100057,Go For Computers_SLP,Platinum,20160611000000,20180611000000,20160611000000
MP000000000100344,htc728prpldmv,100196htc728prpldmv,100196,DMV E COMMERCE,Platinum,20160623000000,20180623000000,20160623000000
MP000000000060053,6sPlus64Gold,1002246sPlus64Gold,100224,A 1 gadgetstore,Platinum,20160622000000,20180622000000,20160622000000
MP000000000243635,Bingo10Black,100256Bingo10Black,100256,NCPL,Platinum,20160720000000,20180720000000,20160720000000
MP000000000000938,190383,100058190383,100058,Croma,Platinum,20160106000000,20180106000000,20160106000000
MP000000000190336,SIVKONNECT4EBLKM,100064SIVKONNECT4EBLKM,100064,Drive India Enterprise SolutionsLTD,Platinum,20160503000000,20180503000000,20160503000000
MP000000000198270,LUMIA540ORANGE,100057LUMIA540ORANGE,100057,Go For Computers_SLP,Platinum,20160521000000,20180521000000,20160521000000
MP000000000373567,TUL05272,100221TUL05272,100221,Cataloging,Platinum,20160715000000,20180715000000,20160715000000
MP000000000373567,KarbonnS10white,100056KarbonnS10white,100056,Softek Surya India Private Limited,Platinum,20160728000000,20180728000000,20160728000000
MP000000000000938,190383,100058190383,100058,Croma,Platinum,20160106000000,20180106000000,20160106000000
MP000000000060053,i6sPlus64gbGold,100010i6sPlus64gbGold,100010,Bathla Teletech Pvt Ltd,Platinum,20160317000000,20160317000000,20160317000000
MP000000000073785,Holly2PlusGold,100109Holly2PlusGold,100109,VDPL,Platinum,20160309000000,20180309000000,20160309000000
MP000000000100344,728G,100073728G,100073,Vardhman Tele Marketing,Platinum,20160321000000,20180321000000,20160323000000
MP000000000060053,193647,100058193647,100058,Croma,Platinum,20160411000000,20180411000000,20160411000000
MP000000000190336,SIVKONNECT4EBLKM,100064SIVKONNECT4EBLKM,100064,Drive India Enterprise SolutionsLTD,Platinum,20160503000000,20180503000000,20160503000000
MP000000000060053,iPhone6sPlus64GBGold,100073iPhone6sPlus64GBGold,100073,Vardhman Tele Marketing,Platinum,20160520000000,20180520000000,20160520000000
MP000000000198270,LUMIA540ORANGE,100057LUMIA540ORANGE,100057,Go For Computers_SLP,Platinum,20160521000000,20180521000000,20160521000000
MP000000000243635,Bingo10Black,100057Bingo10Black,100057,Go For Computers_SLP,Platinum,20160611000000,20180611000000,20160611000000
MP000000000100344,htc728prpldmv,100196htc728prpldmv,100196,DMV E COMMERCE,Platinum,20160623000000,20180623000000,20160623000000
MP000000000060053,6sPlus64Gold,1002246sPlus64Gold,100224,A 1 gadgetstore,Platinum,20160622000000,20180622000000,20160622000000
MP000000000373567,TUL05272,100221TUL05272,100221,Cataloging,Platinum,20160715000000,20180715000000,20160715000000
MP000000000373567,KarbonnS10white,100056KarbonnS10white,100056,Softek Surya India Private Limited,Platinum,20160728000000,20180728000000,20160728000000
MP000000000243635,Bingo10Black,100256Bingo10Black,100256,NCPL,Platinum,20160720000000,20180720000000,20160720000000
MP000000000060053,i6sPlus64gbGold,100010i6sPlus64gbGold,100010,Bathla Teletech Pvt Ltd,Platinum,20160317000000,20160317000000,20160317000000
MP000000000060053,193647,100058193647,100058,Croma,Platinum,20160411000000,20180411000000,20160411000000
MP000000000060053,iPhone6sPlus64GBGold,100073iPhone6sPlus64GBGold,100073,Vardhman Tele Marketing,Platinum,20160520000000,20180520000000,20160520000000
MP000000000060053,6sPlus64Gold,1002246sPlus64Gold,100224,A 1 gadgetstore,Platinum,20160622000000,20180622000000,20160622000000
MP000000000073785,Holly2PlusGold,100109Holly2PlusGold,100109,VDPL,Platinum,20160309000000,20180309000000,20160309000000
MP000000000073785,HonorHolly2PlusGold,100256HonorHolly2PlusGold,100256,NCPL,Platinum,20160822000000,20180822000000,20160822000000
MP000000000073785,Holly2PlusGold,100109Holly2PlusGold,100109,VDPL,Platinum,20160309000000,20180309000000,20160309000000
MP000000000073785,HonorHolly2PlusGold,100256HonorHolly2PlusGold,100256,NCPL,Platinum,20160822000000,20180822000000,20160822000000
MP000000000073785,Holly2PlusGold,100109Holly2PlusGold,100109,VDPL,Platinum,20160309000000,20180309000000,20160309000000
MP000000000073785,HonorHolly2PlusGold,100256HonorHolly2PlusGold,100256,NCPL,Platinum,20160822000000,20180822000000,20160822000000
MP000000000060053,i6sPlus64gbGold,100010i6sPlus64gbGold,100010,Bathla Teletech Pvt Ltd,Platinum,20160317000000,20160317000000,20160317000000
MP000000000060053,193647,100058193647,100058,Croma,Platinum,20160411000000,20180411000000,20160411000000
MP000000000060053,iPhone6sPlus64GBGold,100073iPhone6sPlus64GBGold,100073,Vardhman Tele Marketing,Platinum,20160520000000,20180520000000,20160520000000
MP000000000060053,6sPlus64Gold,1002246sPlus64Gold,100224,A 1 gadgetstore,Platinum,20160622000000,20180622000000,20160622000000
MP000000000060053,i6sPlus64gbGold,100010i6sPlus64gbGold,100010,Bathla Teletech Pvt Ltd,Platinum,20160317000000,20160317000000,20160317000000
MP000000000060053,193647,100058193647,100058,Croma,Platinum,20160411000000,20180411000000,20160411000000
MP000000000060053,iPhone6sPlus64GBGold,100073iPhone6sPlus64GBGold,100073,Vardhman Tele Marketing,Platinum,20160520000000,20180520000000,20160520000000
MP000000000060053,6sPlus64Gold,1002246sPlus64Gold,100224,A 1 gadgetstore,Platinum,20160622000000,20180622000000,20160622000000
MP000000000073785,Holly2PlusGold,100109Holly2PlusGold,100109,VDPL,Platinum,20160309000000,20180309000000,20160309000000
MP000000000073785,HonorHolly2PlusGold,100256HonorHolly2PlusGold,100256,NCPL,Platinum,20160822000000,20180822000000,20160822000000
MP000000000073785,Holly2plusGold,100256Holly2plusGold,100256,NCPL,Platinum,20160830000000,20180830000000,20160830000000
MP000000000060053,i6sPlus64gbGold,100010i6sPlus64gbGold,100010,Bathla Teletech Pvt Ltd,Platinum,20160317000000,20160317000000,20160317000000
MP000000000060053,193647,100058193647,100058,Croma,Platinum,20160411000000,20180411000000,20160411000000
MP000000000060053,iPhone6sPlus64GBGold,100073iPhone6sPlus64GBGold,100073,Vardhman Tele Marketing,Platinum,20160520000000,20180520000000,20160520000000
MP000000000060053,6sPlus64Gold,1002246sPlus64Gold,100224,A 1 gadgetstore,Platinum,20160622000000,20180622000000,20160622000000
MP000000000000938,190383,100058190383,100058,Croma,Platinum,20160106000000,20180106000000,20160106000000
MP000000000060053,i6sPlus64gbGold,100010i6sPlus64gbGold,100010,Bathla Teletech Pvt Ltd,Platinum,20160317000000,20160317000000,20160317000000
MP000000000060053,193647,100058193647,100058,Croma,Platinum,20160411000000,20180411000000,20160411000000
MP000000000060053,iPhone6sPlus64GBGold,100073iPhone6sPlus64GBGold,100073,Vardhman Tele Marketing,Platinum,20160520000000,20180520000000,20160520000000
MP000000000060053,6sPlus64Gold,1002246sPlus64Gold,100224,A 1 gadgetstore,Platinum,20160622000000,20180622000000,20160622000000
MP000000000073785,Holly2PlusGold,100109Holly2PlusGold,100109,VDPL,Platinum,20160309000000,20180309000000,20160309000000
MP000000000073785,HonorHolly2PlusGold,100256HonorHolly2PlusGold,100256,NCPL,Platinum,20160822000000,20180822000000,20160822000000
MP000000000073785,Holly2plusGold,100256Holly2plusGold,100256,NCPL,Platinum,20160830000000,20180830000000,20160830000000
MP000000000100344,728G,100073728G,100073,Vardhman Tele Marketing,Platinum,20160321000000,20180321000000,20160323000000
MP000000000100344,htc728prpldmv,100196htc728prpldmv,100196,DMV E COMMERCE,Platinum,20160623000000,20180623000000,20160623000000
MP000000000073785,Holly2PlusGold,100109Holly2PlusGold,100109,VDPL,Platinum,20160309000000,20180309000000,20160309000000
MP000000000073785,HonorHolly2PlusGold,100256HonorHolly2PlusGold,100256,NCPL,Platinum,20160822000000,20180822000000,20160822000000
MP000000000073785,Holly2plusGold,100256Holly2plusGold,100256,NCPL,Platinum,20160830000000,20180830000000,20160830000000
MP000000000595963,le264grglddmv,100196le264grglddmv,100196,DMV E COMMERCE,Platinum,20161006000000,20181006000000,20161006000000
MP000000000060053,i6sPlus64gbGold,100010i6sPlus64gbGold,100010,Bathla Teletech Pvt Ltd,Platinum,20160317000000,20160317000000,20160317000000
MP000000000073785,Holly2PlusGold,100109Holly2PlusGold,100109,VDPL,Platinum,20160309000000,20180309000000,20160309000000
MP000000000060053,193647,100058193647,100058,Croma,Platinum,20160411000000,20180411000000,20160411000000
MP000000000060053,iPhone6sPlus64GBGold,100073iPhone6sPlus64GBGold,100073,Vardhman Tele Marketing,Platinum,20160520000000,20180520000000,20160520000000
MP000000000060053,6sPlus64Gold,1002246sPlus64Gold,100224,A 1 gadgetstore,Platinum,20160622000000,20180622000000,20160622000000
MP000000000073785,HonorHolly2PlusGold,100256HonorHolly2PlusGold,100256,NCPL,Platinum,20160822000000,20180822000000,20160822000000
MP000000000073785,Holly2plusGold,100256Holly2plusGold,100256,NCPL,Platinum,20160830000000,20180830000000,20160830000000
MP000000000000938,190383,100058190383,100058,Croma,Platinum,20160106000000,20180106000000,20160106000000
MP000000000060053,i6sPlus64gbGold,100010i6sPlus64gbGold,100010,Bathla Teletech Pvt Ltd,Platinum,20160317000000,20160317000000,20160317000000
MP000000000060053,193647,100058193647,100058,Croma,Platinum,20160411000000,20180411000000,20160411000000
MP000000000060053,iPhone6sPlus64GBGold,100073iPhone6sPlus64GBGold,100073,Vardhman Tele Marketing,Platinum,20160520000000,20180520000000,20160520000000
MP000000000060053,6sPlus64Gold,1002246sPlus64Gold,100224,A 1 gadgetstore,Platinum,20160622000000,20180622000000,20160622000000
MP000000000595963,le264grglddmv,100196le264grglddmv,100196,DMV E COMMERCE,Platinum,20161006000000,20181006000000,20161006000000
MP000000000060053,i6sPlus64gbGold,100010i6sPlus64gbGold,100010,Bathla Teletech Pvt Ltd,Platinum,20160317000000,20160317000000,20160317000000
MP000000000060053,193647,100058193647,100058,Croma,Platinum,20160411000000,20180411000000,20160411000000
MP000000000060053,iPhone6sPlus64GBGold,100073iPhone6sPlus64GBGold,100073,Vardhman Tele Marketing,Platinum,20160520000000,20180520000000,20160520000000
MP000000000060053,6sPlus64Gold,1002246sPlus64Gold,100224,A 1 gadgetstore,Platinum,20160622000000,20180622000000,20160622000000
MP000000000100344,728G,100073728G,100073,Vardhman Tele Marketing,Platinum,20160321000000,20180321000000,20160323000000
MP000000000100344,htc728prpldmv,100196htc728prpldmv,100196,DMV E COMMERCE,Platinum,20160623000000,20180623000000,20160623000000
MP000000000243635,Bingo10Black,100057Bingo10Black,100057,Go For Computers_SLP,Platinum,20160611000000,20180611000000,20160611000000
MP000000000243635,Bingo10Black,100256Bingo10Black,100256,NCPL,Platinum,20160720000000,20180720000000,20160720000000
MP000000000190336,SIVKONNECT4EBLKM,100064SIVKONNECT4EBLKM,100064,Drive India Enterprise SolutionsLTD,Platinum,20160503000000,20180503000000,20160503000000
MP000000000198270,LUMIA540ORANGE,100057LUMIA540ORANGE,100057,Go For Computers_SLP,Platinum,20160521000000,20180521000000,20160521000000
MP000000000060053,i6sPlus64gbGold,100010i6sPlus64gbGold,100010,Bathla Teletech Pvt Ltd,Platinum,20160317000000,20160317000000,20160317000000
MP000000000060053,193647,100058193647,100058,Croma,Platinum,20160411000000,20180411000000,20160411000000
MP000000000060053,iPhone6sPlus64GBGold,100073iPhone6sPlus64GBGold,100073,Vardhman Tele Marketing,Platinum,20160520000000,20180520000000,20160520000000
MP000000000060053,6sPlus64Gold,1002246sPlus64Gold,100224,A 1 gadgetstore,Platinum,20160622000000,20180622000000,20160622000000
MP000000000000938,190383,100058190383,100058,Croma,Platinum,20160106000000,20180106000000,20160106000000
MP000000000060053,i6sPlus64gbGold,100010i6sPlus64gbGold,100010,Bathla Teletech Pvt Ltd,Platinum,20160317000000,20160317000000,20160317000000
MP000000000060053,193647,100058193647,100058,Croma,Platinum,20160411000000,20180411000000,20160411000000
MP000000000060053,iPhone6sPlus64GBGold,100073iPhone6sPlus64GBGold,100073,Vardhman Tele Marketing,Platinum,20160520000000,20180520000000,20160520000000
MP000000000060053,6sPlus64Gold,1002246sPlus64Gold,100224,A 1 gadgetstore,Platinum,20160622000000,20180622000000,20160622000000
MP000000000595963,le264grglddmv,100196le264grglddmv,100196,DMV E COMMERCE,Platinum,20161006000000,20181006000000,20161006000000
MP000000000000938,190383,100058190383,100058,Croma,Platinum,20160106000000,20180106000000,20160106000000
MP000000000073785,Holly2PlusGold,100109Holly2PlusGold,100109,VDPL,Platinum,20160309000000,20180309000000,20160309000000
MP000000000100344,728G,100073728G,100073,Vardhman Tele Marketing,Platinum,20160321000000,20180321000000,20160323000000
MP000000000243635,Bingo10Black,100057Bingo10Black,100057,Go For Computers_SLP,Platinum,20160611000000,20180611000000,20160611000000
MP000000000243635,Bingo10Black,100057Bingo10Black,100057,Go For Computers_SLP,Platinum,20160611000000,20180611000000,20160611000000
MP000000000243635,Bingo10Black,100057Bingo10Black,100057,Go For Computers_SLP,Platinum,20160611000000,20180611000000,20160611000000
MP000000000100344,728G,100073728G,100073,Vardhman Tele Marketing,Platinum,20160321000000,20180321000000,20160323000000
MP000000000100344,htc728prpldmv,100196htc728prpldmv,100196,DMV E COMMERCE,Platinum,20160623000000,20180623000000,20160623000000
MP000000000060053,i6sPlus64gbGold,100010i6sPlus64gbGold,100010,Bathla Teletech Pvt Ltd,Platinum,20160317000000,20160317000000,20160317000000
MP000000000060053,193647,100058193647,100058,Croma,Platinum,20160411000000,20180411000000,20160411000000
MP000000000060053,iPhone6sPlus64GBGold,100073iPhone6sPlus64GBGold,100073,Vardhman Tele Marketing,Platinum,20160520000000,20180520000000,20160520000000
MP000000000100344,728G,100073728G,100073,Vardhman Tele Marketing,Platinum,20160321000000,20180321000000,20160323000000
MP000000000100344,htc728prpldmv,100196htc728prpldmv,100196,DMV E COMMERCE,Platinum,20160623000000,20180623000000,20160623000000
MP000000000073785,Holly2PlusGold,100109Holly2PlusGold,100109,VDPL,Platinum,20160309000000,20180309000000,20160309000000
MP000000000243635,Bingo10Black,100057Bingo10Black,100057,Go For Computers_SLP,Platinum,20160611000000,20180611000000,20160611000000
MP000000000198270,LUMIA540ORANGE,100057LUMIA540ORANGE,100057,Go For Computers_SLP,Platinum,20160521000000,20180521000000,20160521000000
MP000000000000938,190383,100058190383,100058,Croma,Platinum,20160106000000,20180106000000,20160106000000
MP000000000060053,i6sPlus64gbGold,100010i6sPlus64gbGold,100010,Bathla Teletech Pvt Ltd,Platinum,20160317000000,20160317000000,20160317000000
MP000000000060053,193647,100058193647,100058,Croma,Platinum,20160411000000,20180411000000,20160411000000
MP000000000060053,iPhone6sPlus64GBGold,100073iPhone6sPlus64GBGold,100073,Vardhman Tele Marketing,Platinum,20160520000000,20180520000000,20160520000000
MP000000000190336,SIVKONNECT4EBLKM,100064SIVKONNECT4EBLKM,100064,Drive India Enterprise SolutionsLTD,Platinum,20160503000000,20180503000000,20160503000000
MP000000000060053,193647,100058193647,100058,Croma,Platinum,20160411000000,20180411000000,20160411000000
MP000000000060053,6sPlus64Gold,1002246sPlus64Gold,100224,A 1 gadgetstore,Platinum,20160622000000,20180622000000,20160622000000
MP000000000060053,i6sPlus64gbGold,100010i6sPlus64gbGold,100010,Bathla Teletech Pvt Ltd,Platinum,20160317000000,20160317000000,20160317000000
MP000000000060053,iPhone6sPlus64GBGold,100073iPhone6sPlus64GBGold,100073,Vardhman Tele Marketing,Platinum,20160520000000,20180520000000,20160520000000
MP000000000000938,190383,100058190383,100058,Croma,Platinum,20160106000000,20180106000000,20160106000000
MP000000000060053,i6sPlus64gbGold,100010i6sPlus64gbGold,100010,Bathla Teletech Pvt Ltd,Platinum,20160317000000,20160317000000,20160317000000
MP000000000060053,193647,100058193647,100058,Croma,Platinum,20160411000000,20180411000000,20160411000000
MP000000000060053,iPhone6sPlus64GBGold,100073iPhone6sPlus64GBGold,100073,Vardhman Tele Marketing,Platinum,20160520000000,20180520000000,20160520000000
MP000000000060053,6sPlus64Gold,1002246sPlus64Gold,100224,A 1 gadgetstore,Platinum,20160622000000,20180622000000,20160622000000
MP000000000000938,190383,100058190383,100058,Croma,Platinum,20160106000000,20180106000000,20160106000000
MP000000000073785,Holly2PlusGold,100109Holly2PlusGold,100109,VDPL,Platinum,20160309000000,20180309000000,20160309000000
MP000000000100344,728G,100073728G,100073,Vardhman Tele Marketing,Platinum,20160321000000,20180321000000,20160323000000
MP000000000100344,htc728prpldmv,100196htc728prpldmv,100196,DMV E COMMERCE,Platinum,20160623000000,20180623000000,20160623000000
MP000000000198270,LUMIA540ORANGE,100057LUMIA540ORANGE,100057,Go For Computers_SLP,Platinum,20160521000000,20180521000000,20160521000000
MP000000000243635,Bingo10Black,100057Bingo10Black,100057,Go For Computers_SLP,Platinum,20160611000000,20180611000000,20160611000000
MP000000000190336,SIVKONNECT4EBLKM,100064SIVKONNECT4EBLKM,100064,Drive India Enterprise SolutionsLTD,Platinum,20160503000000,20180503000000,20160503000000
MP000000000000938,190383,100058190383,100058,Croma,Platinum,20160106000000,20180106000000,20160106000000
MP000000000060053,i6sPlus64gbGold,100010i6sPlus64gbGold,100010,Bathla Teletech Pvt Ltd,Platinum,20160317000000,20160317000000,20160317000000
MP000000000060053,193647,100058193647,100058,Croma,Platinum,20160411000000,20180411000000,20160411000000
MP000000000060053,iPhone6sPlus64GBGold,100073iPhone6sPlus64GBGold,100073,Vardhman Tele Marketing,Platinum,20160520000000,20180520000000,20160520000000
MP000000000060053,6sPlus64Gold,1002246sPlus64Gold,100224,A 1 gadgetstore,Platinum,20160622000000,20180622000000,20160622000000
MP000000000373567,TUL05272,100221TUL05272,100221,Cataloging,Platinum,20160715000000,20180715000000,20160715000000
MP000000000073785,Holly2PlusGold,100109Holly2PlusGold,100109,VDPL,Platinum,20160309000000,20180309000000,20160309000000
MP000000000100344,728G,100073728G,100073,Vardhman Tele Marketing,Platinum,20160321000000,20180321000000,20160323000000
MP000000000100344,htc728prpldmv,100196htc728prpldmv,100196,DMV E COMMERCE,Platinum,20160623000000,20180623000000,20160623000000
MP000000000190336,SIVKONNECT4EBLKM,100064SIVKONNECT4EBLKM,100064,Drive India Enterprise SolutionsLTD,Platinum,20160503000000,20180503000000,20160503000000
MP000000000198270,LUMIA540ORANGE,100057LUMIA540ORANGE,100057,Go For Computers_SLP,Platinum,20160521000000,20180521000000,20160521000000
MP000000000073785,Holly2PlusGold,100109Holly2PlusGold,100109,VDPL,Platinum,20160309000000,20180309000000,20160309000000
MP000000000100344,728G,100073728G,100073,Vardhman Tele Marketing,Platinum,20160321000000,20180321000000,20160323000000
MP000000000100344,htc728prpldmv,100196htc728prpldmv,100196,DMV E COMMERCE,Platinum,20160623000000,20180623000000,20160623000000
MP000000000190336,SIVKONNECT4EBLKM,100064SIVKONNECT4EBLKM,100064,Drive India Enterprise SolutionsLTD,Platinum,20160503000000,20180503000000,20160503000000
MP000000000198270,LUMIA540ORANGE,100057LUMIA540ORANGE,100057,Go For Computers_SLP,Platinum,20160521000000,20180521000000,20160521000000
MP000000000373567,TUL05272,100221TUL05272,100221,Cataloging,Platinum,20160715000000,20180715000000,20160715000000
MP000000000373567,KarbonnS10white,100056KarbonnS10white,100056,Softek Surya India Private Limited,Platinum,20160728000000,20180728000000,20160728000000
MP000000000073785,Holly2PlusGold,100109Holly2PlusGold,100109,VDPL,Platinum,20160309000000,20180309000000,20160309000000
MP000000000000938,190383,100058190383,100058,Croma,Platinum,20160106000000,20180106000000,20160106000000
MP000000000060053,i6sPlus64gbGold,100010i6sPlus64gbGold,100010,Bathla Teletech Pvt Ltd,Platinum,20160317000000,20160317000000,20160317000000
MP000000000060053,193647,100058193647,100058,Croma,Platinum,20160411000000,20180411000000,20160411000000
MP000000000060053,iPhone6sPlus64GBGold,100073iPhone6sPlus64GBGold,100073,Vardhman Tele Marketing,Platinum,20160520000000,20180520000000,20160520000000
MP000000000060053,6sPlus64Gold,1002246sPlus64Gold,100224,A 1 gadgetstore,Platinum,20160622000000,20180622000000,20160622000000
MP000000000000938,190383,100058190383,100058,Croma,Platinum,20160106000000,20180106000000,20160106000000
MP000000000060053,i6sPlus64gbGold,100010i6sPlus64gbGold,100010,Bathla Teletech Pvt Ltd,Platinum,20160317000000,20160317000000,20160317000000
MP000000000060053,193647,100058193647,100058,Croma,Platinum,20160411000000,20180411000000,20160411000000
MP000000000060053,iPhone6sPlus64GBGold,100073iPhone6sPlus64GBGold,100073,Vardhman Tele Marketing,Platinum,20160520000000,20180520000000,20160520000000
MP000000000060053,6sPlus64Gold,1002246sPlus64Gold,100224,A 1 gadgetstore,Platinum,20160622000000,20180622000000,20160622000000
MP000000000243635,Bingo10Black,100057Bingo10Black,100057,Go For Computers_SLP,Platinum,20160611000000,20180611000000,20160611000000
MP000000000243635,Bingo10Black,100256Bingo10Black,100256,Neotel Communications Pvt Ltd,Platinum,20160720000000,20180720000000,20160720000000
MP000000000243635,Bingo10Black,100057Bingo10Black,100057,Go For Computers_SLP,Platinum,20160611000000,20180611000000,20160611000000
MP000000000243635,Bingo10Black,100256Bingo10Black,100256,Neotel Communications Pvt Ltd,Platinum,20160720000000,20180720000000,20160720000000
MP000000000000938,190383,100058190383,100058,Croma,Platinum,20160106000000,20180106000000,20160106000000
MP000000000060053,i6sPlus64gbGold,100010i6sPlus64gbGold,100010,Bathla Teletech Pvt Ltd,Platinum,20160317000000,20160317000000,20160317000000
MP000000000060053,193647,100058193647,100058,Croma,Platinum,20160411000000,20180411000000,20160411000000
MP000000000060053,iPhone6sPlus64GBGold,100073iPhone6sPlus64GBGold,100073,Vardhman Tele Marketing,Platinum,20160520000000,20180520000000,20160520000000
MP000000000060053,6sPlus64Gold,1002246sPlus64Gold,100224,A 1 gadgetstore,Platinum,20160622000000,20180622000000,20160622000000
